user_id,name,email,signup_date
1,Jessica James,thompsonderek@example.com,2021-05-10 17:13:54
2,Abigail Williams,hmoody@aol.com,2024-06-06 17:35:12
3,Teresa Hunter,ubrown@gmail.com,2023-06-12 19:48:44
4,Todd Smith,philipgarcia@@yahoo.com,2023-12-16 17:24:26
5,Katie Moore,qwhite@yahoo.com,2021-05-02 06:25:36
6,Angela James,qcarter@hotmail.com,2020-05-20 19:06:41
7,Ariana Walker,carlsoncheryl@outlook.com,2020-06-01 12:33:46
8,Derrick Martin,burnsjames,2023-05-31 20:48:14
9,Mrs. Lori Brown,glendawashington@aol.com,2023-09-05 04:02:04
10,Monica Neal,mbaker@outlook.com,2020-08-26 09:46:19
11,Sherry Mcdaniel,hmedina@hotmail.com,2022-01-16 15:52:03
12,Sonya Williams,masonclark@hotmail.com,2023-10-24 13:56:01
13,Maria Woodard,gilesclaudia@icloud.com,2021-12-08 06:28:03
14,Brooke Dennis,alvaradosamantha@aol.com,2024-05-05 23:45:51
15,Julie Aguirre,parkerkimberly,2022-03-25 06:05:11
16,Maureen Terry,fschneider@@icloud.com,2022-08-25 01:44:32
17,John Johnson,michael29@@example.com,2021-01-18 16:23:31
18,Amber Barron,riggsbarbara@aol.com,2022-01-12 05:28:03
19,Veronica Pace,nataliebanks@yahoo.com,2024-08-19 06:42:16
20,Taylor Cole,trevinoerika@gmail.com,2022-02-27 01:39:50
21,Thomas Pearson,qharris,2024-11-28 03:53:46
22,Pamela Gonzalez,amanda02@hotmail.com,2024-05-11 03:45:02
23,Jennifer Foley,ebarnes@hotmail.com,2021-10-19 17:43:02
24,Elizabeth Lopez,mcculloughcarrie@@aol.com,2021-10-14 12:59:47
25,Manuel Medina,umendez@hotmail.com,2022-04-11 18:58:46
26,Megan Medina,bryan00@example.com,2021-07-11 01:05:07
27,Raymond Brown,jenniferweaver@yahoo.com,2022-03-30 14:30:30
28,Lawrence Rodriguez,scottromero@@protonmail.com,2021-04-22 12:24:25
29,Ian Black,smiththomas@aol.com,2020-01-25 23:56:11
30,Thomas Marks,harveyerica@yahoo.com,2020-07-31 21:02:54
31,Jessica Hamilton,mcgeemorgan@aol.com,2020-11-24 01:55:21
32,Andrew Holt,shelbyjackson@example.com,2023-10-11 22:07:38
33,Ryan Smith,fergusonlori@protonmail.com,2022-02-27 23:36:11
34,Marc Rhodes,tranrobert@gmail.com,2023-07-22 19:17:36
35,Rebecca Anderson,joseph95@outlook.com,2022-02-03 20:26:16
36,Shannon Morgan,lewisamber@icloud.com,2020-12-24 04:51:50
37,Anthony Massey,edwincohen@gmail.com,2023-04-06 14:32:07
38,Melody Dunn,josephjackson@yahoo.com,2022-06-25 22:05:00
39,Stacy Foley,bobbyneal@outlook.com,2022-04-18 17:09:52
40,Jennifer Zavala,knorman@outlook.com,2023-05-31 19:10:53
41,Emily Porter,tanyamarshall,2023-06-20 09:19:54
42,Mark Brown,kingbrenda@@yahoo.com,2023-02-07 09:15:16
43,Lindsay West,cdelacruz@outlook.com,2021-03-01 14:55:48
44,Jennifer Carter,gpayne@protonmail.com,2024-05-03 01:41:29
45,Luis Cox,jmurphy@icloud.com,2022-11-24 17:55:27
46,Mr. Dennis Wilson,jamescantu@zoho.com,2022-01-10 23:15:35
47,Christopher Pugh,cindy09@hotmail.com,2022-07-27 20:29:42
48,William Hernandez,thomas25@@outlook.com,2024-08-26 17:29:04
49,Nicole Oconnor,barbaraserrano@zoho.com,2024-09-11 22:47:04
50,Tom Shaffer DVM,christopher99@protonmail.com,2020-02-28 18:54:51
51,Sarah White,sarahgibson@zoho.com,2023-02-20 01:01:37
52,Zachary Jordan,aliciabriggs@protonmail.com,2024-09-27 10:11:31
53,Marcia Calhoun,smason@gmail.com,2024-06-24 21:25:35
54,Angela Morgan,qwalker@yahoo.com,2020-10-10 04:59:49
55,Elizabeth Barton,mjenkins@icloud.com,2024-10-21 00:16:02
56,Michael Arellano,sandersyvette@yahoo.com,2022-05-15 20:21:37
57,Calvin Cabrera,smorrow@outlook.com,2021-11-16 05:24:15
58,Lee Baker,grollins@@hotmail.com,2023-02-20 08:06:43
59,Brandon Ford,williamstevens,2023-09-28 21:25:24
60,Jeffrey Boyd,reevessarah@@outlook.com,2021-07-17 21:13:18
61,Deborah Burke,rbrown@aol.com,2024-03-28 02:50:52
62,Brian Sullivan,sharonwilliams@icloud.com,2022-05-30 20:09:20
63,Deborah Hall,hollyperez@yahoo.com,2022-12-20 02:10:47
64,Erika Tucker,richard61@protonmail.com,2022-10-04 23:49:05
65,Patricia Manning,margaret31@yahoo.com,2021-03-11 05:25:38
66,Cristian White,fking@zoho.com,2022-12-25 15:48:16
67,Henry Marsh,joelspence@@example.com,2020-03-12 05:48:15
68,Jessica Chung,shane52@gmail.com,2023-05-03 10:05:28
69,Rebecca Thomas,sarah88@outlook.com,2020-04-20 00:10:08
70,Lori Rodriguez,charlesturner@protonmail.com,2023-11-27 21:52:46
71,Elizabeth Lambert,melaniechapman,2023-08-17 22:56:04
72,Kimberly Castillo,ymacias@protonmail.com,2023-08-30 15:53:30
73,Jonathan Sosa,mendezsamantha@yahoo.com,2023-12-05 14:14:15
74,Ryan Moore,hartjessica@outlook.com,2023-10-13 19:58:44
75,Mason Perez,pstephenson,2024-03-29 01:14:55
76,Benjamin Garcia,kkey@zoho.com,2022-03-09 18:22:45
77,Charles Hanna,alyssahuang@example.com,2022-04-29 03:15:36
78,Sarah Contreras,ashley83@icloud.com,2020-04-05 10:37:09
79,Jennifer Daniels,amberalexander@yahoo.com,2021-04-16 05:18:00
80,Jennifer Miller,shepherddavid@example.com,2020-12-24 14:33:14
81,Virginia Peters,allenhernandez@@aol.com,2023-11-22 21:40:59
82,Katie Moreno,donaldpreston@yahoo.com,2021-05-09 18:54:00
83,Kathryn Carrillo,joshua51@example.com,2022-11-16 06:37:42
84,Terri Sanchez,christina36@protonmail.com,2022-11-18 15:21:39
85,Jonathan Terry,friedmankayla@aol.com,2021-07-30 18:16:37
86,Elizabeth Romero,aparrish,2024-09-28 23:34:17
87,Beverly Yu,robertbishop@hotmail.com,2020-05-21 22:09:02
88,James Garcia Jr.,jessica59@protonmail.com,2022-09-12 17:55:39
89,Nicole Watson,cmiller@yahoo.com,2021-03-24 08:41:39
90,Karen Osborn,chad50@outlook.com,2023-12-27 19:51:18
91,Jessica Barnes,ymartin@hotmail.com,2020-01-03 07:40:07
92,Brittany Davis,mariospencer@@outlook.com,2020-07-09 16:28:58
93,William Richardson,lfaulkner@aol.com,2020-04-12 10:24:04
94,Lisa Mullen,susannelson@zoho.com,2022-01-08 10:22:45
95,Jessica Smith,whitebilly@protonmail.com,2023-03-31 10:36:29
96,Micheal Davis,tvega@icloud.com,2023-12-22 20:56:37
97,Logan Gordon,greenjeffrey@protonmail.com,2021-12-10 20:51:26
98,Kendra Wells,othompson@hotmail.com,2024-04-15 02:36:24
99,David Ortega,dbernard@zoho.com,2023-12-28 02:35:14
100,Mrs. Elizabeth Wright,maddenscott@outlook.com,2020-11-17 03:01:04
101,Mr. Earl Taylor,shannonlee@aol.com,2022-06-28 09:46:30
102,Melanie Flores,walshleonard@hotmail.com,2024-03-01 05:18:41
103,Mary Gilbert,knightstanley,2020-07-20 09:48:46
104,Bryan Johnson,autumnwilliams@aol.com,2021-04-17 22:53:21
105,Amber Davis DDS,jesse42@hotmail.com,2023-05-06 05:16:40
106,Matthew Mora,richmondconnie@yahoo.com,2021-02-21 15:20:31
107,Scott Zimmerman,hcooper@zoho.com,2020-05-25 05:06:23
108,Carolyn Hall,scampbell@zoho.com,2024-09-12 11:27:03
109,Shane King,wardgeorge@aol.com,2024-03-28 13:37:04
110,Rebecca Cook,kellyvasquez@hotmail.com,2021-01-11 23:53:01
111,Stephen Lee,wbaker@example.com,2023-02-01 07:46:56
112,Michael Moore,orozcomichael@aol.com,2024-07-19 04:50:00
113,Diane Church,cbrown@gmail.com,2020-05-05 10:25:50
114,Erik Lynch,shanesmith@hotmail.com,2022-03-13 18:34:11
115,Christopher Warren,brittany41@zoho.com,2021-11-26 00:00:25
116,Thomas Ayers,jody42@aol.com,2022-05-29 00:32:14
117,Sandra Johnson,lcarroll@protonmail.com,2021-05-07 20:40:29
118,Taylor Fischer,brownmitchell@aol.com,2022-09-29 11:09:15
119,Andrew Bailey,clarkkrystal@hotmail.com,2022-05-21 03:35:14
120,Donald Rodriguez,zdalton@zoho.com,2021-07-16 17:23:20
121,William Berg,clarkmonique@gmail.com,2021-07-11 23:10:44
122,Sara Johnson,jacqueline79@hotmail.com,2023-10-04 02:37:59
123,Jesse Gutierrez,mgross@@yahoo.com,2021-06-06 10:56:41
124,Colin Cruz,wsmith@@icloud.com,2023-01-11 17:30:40
125,Stephen Duncan,qgarcia@icloud.com,2022-07-23 13:27:17
126,Dawn Russell,vgutierrez@yahoo.com,2020-10-22 16:41:42
127,Stephanie Hooper,mason20@yahoo.com,2023-08-14 03:19:59
128,Catherine Ramirez,morrisonjoshua@zoho.com,2023-05-31 13:52:42
129,Michelle Coleman,santoslinda@protonmail.com,2020-03-14 11:01:39
130,Jennifer Rivera,gflores@outlook.com,2021-01-02 10:28:58
131,Gabriel Robinson,owenshelen@@protonmail.com,2022-11-16 12:27:48
132,Elizabeth Huerta,leonard12@protonmail.com,2022-08-19 23:07:29
133,Carlos Knight,kingjames@aol.com,2024-04-16 18:30:56
134,Raymond Nash,lowetodd,2020-07-14 04:09:44
135,Austin Lee,johnpalmer@example.com,2020-10-07 21:31:51
136,Nicholas Fowler,williamscharles@outlook.com,2024-02-07 10:10:41
137,Sabrina Anderson,michellepayne@zoho.com,2024-05-13 21:37:37
138,Brittany Houston,alexiswhite@@outlook.com,2023-10-26 02:16:22
139,Aaron Green,fharris@zoho.com,2020-09-14 11:38:08
140,Thomas Christensen MD,stephanie72@aol.com,2022-05-08 03:11:06
141,Joseph Davis,amyalexander@@hotmail.com,2021-03-18 10:22:58
142,Louis Mcdonald,jason77@example.com,2024-02-01 23:34:19
143,Charles Martinez,allenmark@aol.com,2024-03-08 00:35:59
144,Christopher Porter,jclark@outlook.com,2022-09-29 08:00:16
145,Kathleen Pham,rogerskayla,2021-05-22 00:36:46
146,Cathy Ramos,robertlane@outlook.com,2024-08-03 13:53:58
147,Latasha Glenn,trose@gmail.com,2020-01-27 03:23:55
148,Jennifer Wilson,alexis46@icloud.com,2020-02-16 02:39:13
149,John Johnson,mirandamiller@zoho.com,2021-10-08 14:03:22
150,Toni Wood,barneswilliam@zoho.com,2020-03-27 13:08:40
151,Ryan Davis,danielle52@outlook.com,2024-08-14 13:27:25
152,Jeremy Black,oneilldeborah@zoho.com,2024-01-18 10:26:51
153,Amy Young,oharris@aol.com,2022-01-21 01:43:55
154,William King,delgadotracy@yahoo.com,2022-05-10 15:07:15
155,John Simmons,dboone@icloud.com,2020-06-04 12:54:58
156,Deborah Turner,uwade@icloud.com,2022-09-21 11:45:44
157,Hunter Fox,zwatkins@yahoo.com,2022-02-11 16:33:50
158,Lance Gilbert,pwhitehead,2021-09-01 10:58:26
159,Arthur Robinson,sandra99@zoho.com,2022-04-01 14:29:55
160,Tiffany Mitchell,lshelton,2024-11-15 15:48:03
161,Kristina Spencer,kneal@example.com,2024-05-06 23:58:19
162,Linda Coleman,lsantana@hotmail.com,2021-07-07 08:17:17
163,Kathryn King,qsherman@yahoo.com,2022-02-04 08:55:47
164,Ann Jordan,richard16@aol.com,2023-01-01 19:21:03
165,Karen Walker,holmeskurt@icloud.com,2024-09-07 23:27:16
166,Ryan Garcia,robin52@outlook.com,2021-02-14 08:49:09
167,Johnny Schwartz,monica01@zoho.com,2020-08-29 04:32:40
168,Katherine Cunningham,lukematthews@@example.com,2020-08-31 07:05:02
169,Wendy Price,gatescameron@gmail.com,2021-04-01 16:49:40
170,William Smith,briannaharris@outlook.com,2024-03-22 10:53:59
171,Mary Cervantes,jennifer88@gmail.com,2024-11-12 23:24:15
172,Dr. Nicholas Sanchez,ortegamichael@zoho.com,2023-08-25 05:37:41
173,Nathan Barron,jonesmary@aol.com,2020-09-15 21:41:20
174,Mrs. Tonya Terry DDS,brandigriffith@@hotmail.com,2024-07-02 04:35:11
175,Taylor Clark,juan00@protonmail.com,2022-09-15 09:48:22
176,Eric Williams,wramsey,2020-10-17 06:03:05
177,Lynn Phillips,jessecooper@protonmail.com,2021-10-01 06:23:30
178,Gregory Everett,bwatson@hotmail.com,2020-03-10 19:34:08
179,Andrew Adkins,daniel05@yahoo.com,2023-10-07 21:02:45
180,Randy Phillips,jordan52@outlook.com,2023-04-14 00:54:02
181,Kathleen Hopkins,angelpowell@@protonmail.com,2024-05-29 13:53:50
182,Brandon Grant,aaronmatthews@gmail.com,2020-12-15 02:41:06
183,Anna Beltran,jaredgoodman@yahoo.com,2020-02-25 12:10:04
184,Connie York,amanda89@zoho.com,2023-03-13 01:45:51
185,Matthew Harvey,kingcindy@icloud.com,2020-12-06 12:28:36
186,Bonnie Jones,tfoster@outlook.com,2021-08-02 13:43:32
187,Willie Smith,smithchristopher@protonmail.com,2020-07-14 16:44:06
188,Richard Hopkins,manndiana@protonmail.com,2021-08-25 11:12:22
189,Aaron Copeland,tiffanywhite@outlook.com,2024-11-16 10:43:32
190,Dean Watkins,jameskrueger@example.com,2023-04-09 12:07:12
191,Katherine Fitzgerald,edward38@aol.com,2023-07-13 00:04:18
192,Natalie Jackson,kylewatson@example.com,2023-12-15 03:35:37
193,Karen Nunez,faithmarshall@hotmail.com,2021-06-03 18:30:53
194,Daniel Snyder,josephramirez@@gmail.com,2020-08-21 06:33:15
195,Jennifer Moran,brandon03@outlook.com,2023-04-02 22:22:08
196,Richard Cox,jonathan79@@gmail.com,2024-03-01 10:40:54
197,Michelle Richardson,williammills@zoho.com,2022-07-17 19:46:48
198,Brian Miller,lisa85@gmail.com,2020-07-13 17:27:58
199,Robert Mcconnell,michael38@protonmail.com,2021-05-25 17:10:56
200,Jennifer Garcia,alexbrady@example.com,2021-12-07 06:46:56
201,Veronica Williams,camerondaniel@example.com,2024-04-24 03:15:18
202,Michael Hill,ortiztyler@yahoo.com,2020-03-04 06:09:39
203,Emily Mccarty DDS,grussell,2021-08-07 22:35:01
204,Christopher Knight,stevenjones@aol.com,2023-11-08 13:17:58
205,Ryan Lutz,michael61@yahoo.com,2023-02-08 17:15:06
206,Corey Johnson,michaelcolon@zoho.com,2021-12-20 01:38:21
207,Elizabeth Smith,andersonheidi@zoho.com,2024-06-09 15:32:47
208,Regina Collins,timothyfreeman@zoho.com,2022-04-22 03:58:44
209,Heather Welch,sgalvan@icloud.com,2020-05-24 08:37:18
210,Rachel Adams,susanmorton@outlook.com,2024-08-16 06:19:50
211,Beth Spencer DVM,cbanks@zoho.com,2023-05-19 02:55:24
212,Dwayne Cain,benjaminhubbard@icloud.com,2022-04-19 21:18:49
213,Christine Vaughn,jeremy22@example.com,2022-06-22 07:17:51
214,Robert Hill,berrykathy@gmail.com,2020-05-03 05:23:14
215,James Ingram,amyparker@@protonmail.com,2022-07-19 10:38:25
216,Susan Greene,jduncan@@yahoo.com,2022-03-12 23:16:20
217,Thomas Webb,taraolsen@yahoo.com,2020-07-04 15:29:00
218,Ricardo Abbott,johnsonpatrick@hotmail.com,2024-08-17 03:06:53
219,Susan Watts,brett46,2024-04-04 07:55:06
220,Karl Glass,frank82@aol.com,2021-12-30 05:36:50
221,Jason Alvarez,adam10@aol.com,2024-07-13 16:11:30
222,Denise Soto,stevenrivera@outlook.com,2021-10-13 02:33:39
223,Margaret Howard,tracy48@aol.com,2022-04-10 07:08:37
224,Emily Daniels,avilajohn@outlook.com,2023-01-02 19:05:01
225,Brian Brewer,ryan19@yahoo.com,2022-05-13 00:30:41
226,Wendy Anderson,castroashley@hotmail.com,2020-02-25 11:34:05
227,Stephen Edwards,scott44@protonmail.com,2021-10-30 22:56:16
228,Amanda Jones,fcontreras@outlook.com,2020-10-24 21:54:54
229,Katie Stuart,ashley93@protonmail.com,2021-05-05 18:45:06
230,Rachel Henderson,baileyfoley,2024-09-10 22:26:47
231,Lisa Watson,prestonnancy@protonmail.com,2023-10-04 01:32:49
232,Jason Ramirez,qbowman@hotmail.com,2023-10-31 08:04:47
233,Robert Davis,justin49@icloud.com,2020-10-06 20:01:52
234,Carla Walker,schmidtchelsea@protonmail.com,2020-08-10 18:46:39
235,Daniel Garrett,salazarlisa@icloud.com,2021-06-07 03:34:45
236,Madison Jones,kpierce@protonmail.com,2021-10-03 01:58:50
237,Joshua Schmidt,joseespinoza@@icloud.com,2024-09-30 23:40:54
238,Kelsey King,michaelcrosby@icloud.com,2022-01-29 15:24:41
239,Joseph Thomas,lopeztony@icloud.com,2020-12-03 02:27:06
240,Carol Sanchez,christopher74@aol.com,2021-01-06 04:55:00
241,Mark Cook,qwarner@icloud.com,2022-01-10 14:15:34
242,Erik Conley,melissagates,2024-01-12 01:52:39
243,Marie Patterson,robertspamela@example.com,2022-06-23 10:15:58
244,Lori Hunter,alisha29@outlook.com,2023-03-02 01:27:16
245,Kelly Cisneros DDS,michaelbautista@aol.com,2020-01-05 08:44:03
246,Connie Pineda,lopezlisa@aol.com,2020-05-22 00:10:44
247,Kevin Brown,michaelgreen@aol.com,2020-10-01 16:10:06
248,John Mueller,jill40@hotmail.com,2023-10-09 14:54:37
249,Sharon Harris,mariepatel@aol.com,2022-01-07 13:09:27
250,Jesus Rodriguez,kendra56@aol.com,2022-03-19 10:53:28
251,Cassandra Turner,emily00@zoho.com,2023-01-26 12:11:03
252,Charles Black,rachel41,2022-11-30 04:56:17
253,Jamie Coffey,laurachapman,2023-02-12 08:59:24
254,Christopher Curtis DDS,rlove@aol.com,2022-05-01 07:31:54
255,Thomas Mcknight,campbellbrenda@gmail.com,2024-11-23 01:16:31
256,Christopher Torres,qwhitehead@protonmail.com,2024-11-17 12:50:01
257,Nathaniel Ortiz,griffithrita@gmail.com,2021-04-02 12:48:06
258,Robert Wilson,david95@example.com,2021-05-09 13:16:42
259,Daniel Evans,gguzman@icloud.com,2024-11-15 01:53:23
260,David Carter,xkelly@yahoo.com,2020-04-12 17:10:34
261,Joshua Singh,ssmith@example.com,2024-01-18 18:06:44
262,Christina Carroll,katrina85,2023-02-28 18:29:46
263,Katherine Collins,heidimaddox@@aol.com,2024-03-15 02:59:03
264,Melissa Logan,joneskim@aol.com,2022-06-04 00:30:04
265,Teresa Young,carlosmorris@aol.com,2020-05-24 01:00:24
266,Sydney Cruz,mariah63@example.com,2023-05-15 19:58:32
267,Jacqueline Simpson,xyang@icloud.com,2020-03-17 10:44:39
268,Kayla Cook,fosterbailey@zoho.com,2024-02-12 13:20:10
269,Jessica Peck,alexandra48@example.com,2022-06-19 04:50:00
270,Christopher Robinson,mannmelinda@icloud.com,2024-02-13 22:33:20
271,Rebecca Lewis,stacypage@yahoo.com,2021-06-09 01:51:11
272,Tim Chavez,seanbaird@gmail.com,2024-11-07 06:13:36
273,Carla Walsh,christiandelacruz@gmail.com,2021-04-18 09:23:26
274,Chad Acevedo,terrymoreno@hotmail.com,2020-01-23 18:31:43
275,Theresa Oliver,megan59@protonmail.com,2023-05-30 01:15:45
276,Daniel Frost,gmunoz@icloud.com,2024-07-01 03:33:57
277,Joseph Donaldson Jr.,patriciasherman@protonmail.com,2021-03-14 10:41:30
278,Marcus Flores,harperkristie@outlook.com,2023-07-24 19:15:14
279,Emily Daugherty,nathan69@outlook.com,2021-06-30 08:07:17
280,Luis Rojas,singhcarl@yahoo.com,2021-02-20 04:15:59
281,Cheryl Fowler,robertpetty@outlook.com,2020-01-17 02:01:47
282,Steve Gonzalez,jdavis@gmail.com,2022-05-14 18:12:23
283,William Brown,mary03@aol.com,2020-09-28 06:35:06
284,Tina Medina,ginahunter@protonmail.com,2024-03-18 13:28:37
285,Mrs. Amber Smith DDS,hamiltonmark@icloud.com,2020-10-10 09:46:58
286,Jose Morgan,weberamber@example.com,2022-10-04 17:32:50
287,Brian Porter,zjohnson@icloud.com,2022-11-23 16:28:05
288,Victoria Bailey,cynthiarivers@icloud.com,2020-06-30 14:13:59
289,Katherine Griffin MD,christopher47@aol.com,2021-08-05 20:31:18
290,Kevin Hood,barrerabarbara@gmail.com,2023-11-03 12:45:58
291,Jennifer Stone,cheryl16@zoho.com,2024-05-14 06:54:05
292,Edward Huff,paynejimmy@zoho.com,2022-06-28 07:25:19
293,Kaitlin Nelson,hallmelanie@outlook.com,2020-07-02 09:15:00
294,Dawn Dawson,melanie60@yahoo.com,2024-01-21 23:07:04
295,Dawn Smith,jimward@aol.com,2020-09-20 10:09:58
296,Laurie Howe,wharper@icloud.com,2024-01-31 01:48:37
297,Amy Estrada,jonathan21@zoho.com,2023-03-20 17:40:11
298,Katie Houston,eleonard,2023-05-26 04:42:44
299,Mark Anderson,blackwhitney@yahoo.com,2024-06-06 18:01:42
300,Sarah Reyes,charlesbowman@gmail.com,2021-02-20 06:27:16
301,Mark Smith,frankjasmine@gmail.com,2023-08-22 02:22:15
302,Donald Day,fhayes@hotmail.com,2021-01-27 02:50:30
303,Grace Smith,rosemelissa@icloud.com,2022-02-25 14:15:31
304,Andrew Turner,kimberlydavis@gmail.com,2022-02-25 20:19:14
305,Noah Watson,slee@hotmail.com,2022-08-31 06:38:36
306,Dean Smith,nriley@protonmail.com,2020-08-09 08:20:52
307,Rebecca Owen,jtorres@gmail.com,2022-02-21 02:18:40
308,Michael Joseph,seththomas,2021-06-07 20:41:15
309,Misty Adams,jessicastephens@@protonmail.com,2021-06-13 07:13:13
310,Allen Reeves,parkermichelle@gmail.com,2024-01-17 03:33:15
311,Randall Wyatt,susanmayer@zoho.com,2020-04-06 13:31:39
312,Lance Phillips,steven56@hotmail.com,2023-09-30 18:23:19
313,Bradley Smith,tonivasquez@hotmail.com,2021-02-21 09:13:15
314,Brendan Mahoney,rodney32@yahoo.com,2021-10-11 21:54:26
315,Connie Reid,swhite@icloud.com,2024-10-28 02:34:11
316,Mindy Weber,gallegosdavid@aol.com,2020-04-19 07:07:17
317,Daniel Crawford,catherinefischer@@hotmail.com,2024-02-04 20:36:03
318,Brandon Love,fmartin@gmail.com,2021-12-03 06:19:22
319,Erika Lyons,wallerrachel@gmail.com,2023-10-10 16:40:43
320,Alexander Dyer,marymorales@aol.com,2022-08-15 10:37:32
321,Amanda Bond,zchapman@icloud.com,2020-07-26 19:28:13
322,Tyler Maldonado,hunter54@icloud.com,2022-02-14 11:51:27
323,Jodi Peterson,nicholejones,2022-06-06 16:11:07
324,Crystal Palmer,fjohnson@aol.com,2020-09-28 08:06:28
325,Kimberly Austin,davidcook@protonmail.com,2024-08-29 03:45:44
326,Angela Ramsey,jenniferpatterson@gmail.com,2024-05-12 21:37:32
327,Kevin Richardson,eatonjohn@icloud.com,2023-07-07 08:48:08
328,Michelle Flowers,matthew92@icloud.com,2022-04-09 00:50:36
329,John Gonzalez,urobinson@aol.com,2022-04-11 23:02:56
330,Brenda Cantrell,dawnjohnson@example.com,2021-02-21 08:02:24
331,Geoffrey Williams,timothy94@aol.com,2023-09-11 03:03:42
332,Katie Davis,stevensimpson@icloud.com,2021-08-12 21:04:40
333,David Salinas,thomasnicholas@hotmail.com,2021-04-28 19:40:33
334,Nicholas Norton MD,mollybailey@icloud.com,2023-10-03 05:58:38
335,Ashley Newton,andersonpatricia@example.com,2022-01-26 09:36:22
336,Howard Grant,brandonking@outlook.com,2020-07-28 14:31:09
337,Jimmy Watkins,flee@protonmail.com,2024-02-18 04:53:58
338,Chase Massey,wrightjeffrey@example.com,2023-02-20 18:24:00
339,Courtney Flowers,simmonskrystal@example.com,2024-06-08 13:28:31
340,David Hatfield,kathleen45@protonmail.com,2024-05-15 13:19:14
341,Danielle Cook,william51@protonmail.com,2023-05-24 05:57:29
342,William Martinez,smithbrandon@gmail.com,2023-04-21 15:31:43
343,Jennifer Hull,kristinpreston@@icloud.com,2021-11-19 07:31:28
344,Lindsay Cantu,shanelong@protonmail.com,2022-01-07 19:50:09
345,Caitlyn Thompson,murrayann@icloud.com,2022-11-28 20:04:11
346,Daniel Edwards,yholloway@protonmail.com,2020-09-06 15:53:19
347,Diana Benson,wpena@zoho.com,2020-10-25 13:42:29
348,Robin Woodward,johnrichardson@zoho.com,2021-03-23 09:53:49
349,Amanda Davis,hunterandrea@example.com,2022-10-02 23:16:05
350,Stephanie Reid,kristen90@@icloud.com,2020-02-11 05:27:09
351,Crystal Holland,iwilliams@yahoo.com,2023-12-28 17:02:27
352,Jennifer Fuller,nmann@example.com,2023-07-24 17:59:45
353,Andrea Davis,rebeccaward@aol.com,2024-08-13 03:19:03
354,Devin Mcgrath,christopherturner@aol.com,2024-03-15 18:58:00
355,Andrea Beck,huntnatasha@example.com,2020-10-05 03:06:34
356,Christian Rodgers,joanneshea@gmail.com,2022-03-28 14:02:06
357,Shannon Mccall,sheilanguyen@@icloud.com,2020-03-15 14:12:52
358,Cindy Miller,imartin@example.com,2024-11-14 19:53:15
359,Daniel Cabrera,brownsamantha@@aol.com,2023-12-01 23:07:29
360,Steven Smith,usaunders@icloud.com,2024-02-22 20:13:43
361,Breanna Anderson,hernandezmartin@icloud.com,2021-02-12 17:19:21
362,Charles Mercer,ronaldmorris@example.com,2020-10-14 13:42:44
363,Jeffrey Perkins,bryantkristy@zoho.com,2021-06-21 10:22:08
364,Michael Goodman,kjenkins@protonmail.com,2022-11-02 15:12:47
365,Patty Smith,marcjames@aol.com,2023-05-22 16:17:18
366,Mallory Figueroa,joshua28@yahoo.com,2022-05-07 00:05:10
367,Lee Jackson,phumphrey@icloud.com,2020-06-28 11:38:29
368,Keith Sharp,lukewood@aol.com,2020-10-14 22:25:45
369,Patricia Frazier,kingbrandy@gmail.com,2022-05-22 13:54:49
370,William Andrews,briansmith@protonmail.com,2020-11-15 02:36:41
371,Erin Mcbride,colemanjeffrey@outlook.com,2020-03-05 03:45:02
372,Jennifer Campos,ycopeland@aol.com,2021-06-16 20:08:03
373,Tammy Martinez,cynthia89@icloud.com,2020-01-19 12:29:51
374,William Brown,annaclarke@gmail.com,2020-03-30 10:16:38
375,Brandon Benson,jose90@yahoo.com,2022-11-19 11:47:14
376,Jenny Jennings,kimberlycardenas@outlook.com,2023-09-08 18:06:56
377,Katie Chase,marcuserickson@gmail.com,2021-01-31 22:43:07
378,Nancy Jones,kelly41@example.com,2023-10-27 15:21:30
379,Amy Brooks,mikemckenzie@aol.com,2022-03-23 08:39:59
380,John Wells,kristendixon@protonmail.com,2022-06-15 11:36:02
381,Frank Wilson,keithallison@example.com,2024-03-05 22:13:41
382,Elizabeth English,dawnscott@outlook.com,2024-04-20 23:28:42
383,Keith Harris,amy27@@icloud.com,2020-02-12 21:43:18
384,Jeremy Carpenter,reynoldsjustin@zoho.com,2022-12-12 08:07:42
385,Frederick Flowers,martinezlindsey@example.com,2020-05-17 09:18:29
386,Eric Daniel,spoole@example.com,2021-11-11 02:50:47
387,Taylor Jackson,clarkkrista@zoho.com,2022-01-03 07:29:36
388,Glenda Walker,cherylgreen@example.com,2024-06-17 21:08:20
389,Jennifer Bryan,dmays@aol.com,2022-12-04 19:11:17
390,Victoria Richard,woodardstephanie@outlook.com,2023-05-11 11:15:11
391,Wayne Mccoy,romeroshirley@hotmail.com,2022-04-04 09:36:04
392,Ashley Cooper,carmenwiggins@aol.com,2023-09-08 10:06:01
393,James Mccormick,alvaradotonya@protonmail.com,2024-05-31 17:22:41
394,Thomas Richardson,bwall@gmail.com,2022-02-09 18:31:38
395,Hannah Williams,callahanrichard@outlook.com,2020-04-01 05:08:08
396,Jennifer Lynch,justin34@example.com,2022-03-09 23:47:07
397,Jacob Stewart,flutz@outlook.com,2024-11-26 03:28:49
398,Jennifer Barr,ybrooks@outlook.com,2023-06-27 02:06:36
399,Brian Chang,shane13@protonmail.com,2021-10-12 14:47:42
400,Eric Miller,waltersdavid@hotmail.com,2021-07-02 17:34:48
401,James Mccullough,johnsonjustin@yahoo.com,2021-08-16 15:42:52
402,Caleb Weber,craiggordon@example.com,2021-03-17 11:40:02
403,Justin Morgan,chavezmary@example.com,2024-04-29 08:50:24
404,Jose Adkins,christina32@protonmail.com,2024-02-03 02:15:13
405,Sean Oconnor,bbrown@zoho.com,2024-08-24 13:37:19
406,Jessica Oliver,jordanandrea@@hotmail.com,2021-08-16 13:01:37
407,Shawn Brown,huangstephanie@hotmail.com,2023-07-05 04:05:37
408,Thomas Williamson,krista86@example.com,2024-11-09 00:48:03
409,Nathaniel Alvarez,cgonzalez@yahoo.com,2023-02-25 06:33:41
410,Elizabeth Perez,ronaldward@@yahoo.com,2021-09-10 15:49:40
411,Laura Patterson,tbradley@zoho.com,2024-05-19 15:46:56
412,Barry Brown,stephaniereynolds@aol.com,2023-05-26 21:22:57
413,Kelly Clark,john08@example.com,2021-08-24 11:27:16
414,Joy Farmer,jonessierra@icloud.com,2023-05-18 06:44:38
415,Aaron King,xwoods@zoho.com,2022-08-04 02:57:11
416,Jennifer Johnson,aballard@gmail.com,2022-05-02 00:33:18
417,Courtney Lee,brewerdaniel@hotmail.com,2024-04-25 13:16:48
418,Julie Mccoy,donna04,2024-06-14 07:45:52
419,Paul Grant,crystaldorsey@gmail.com,2022-12-03 09:37:25
420,Elijah Brown,simsheather@example.com,2024-01-19 23:36:41
421,Anthony Coleman,zacharywolf@example.com,2022-09-29 21:33:26
422,Carrie Thornton,johnschneider@yahoo.com,2024-06-18 10:48:57
423,Matthew Garcia,frank66@hotmail.com,2021-02-17 02:02:19
424,William Cook,tasha99@zoho.com,2022-07-04 11:59:16
425,Joshua Harrington,wskinner@@icloud.com,2024-04-14 17:05:09
426,David Norris,harrysmith@hotmail.com,2020-07-28 21:24:35
427,Peter Wells DDS,butlersusan@yahoo.com,2021-12-17 15:12:50
428,Julie Burton,daniel11@hotmail.com,2023-03-23 03:35:25
429,Karla Hardy,byrdvalerie@yahoo.com,2020-05-09 12:16:02
430,Johnathan Harris,yevans@hotmail.com,2022-08-27 17:53:24
431,Rita Burton,randallemily@outlook.com,2022-05-28 01:59:42
432,Robert Haynes,eford@yahoo.com,2021-01-02 09:13:28
433,Erin Mosley,george05@@icloud.com,2020-11-07 18:30:15
434,Jacqueline Douglas,teresajones,2022-08-16 10:18:38
435,Linda Robinson,ralvarez@aol.com,2024-11-27 07:28:05
436,Philip Grimes,hortonsteven,2024-09-17 11:10:47
437,Shawn Bailey,paula64@hotmail.com,2022-12-13 06:09:39
438,Stephanie Austin,jesusreynolds@outlook.com,2022-01-28 04:34:20
439,Mrs. Cheryl Mack,kmorris@protonmail.com,2022-08-21 21:55:14
440,Megan Stokes,mwilliams@icloud.com,2023-09-07 09:36:51
441,Natalie Lee,sandyjackson@gmail.com,2024-08-14 17:19:37
442,Casey Hughes,perezkatie@gmail.com,2023-12-20 06:29:27
443,Carol Taylor,jeanettegonzalez@icloud.com,2021-03-03 19:04:55
444,Catherine Mann,ypotts@icloud.com,2020-03-05 04:07:00
445,Karen James,greennicholas@yahoo.com,2024-03-22 20:40:29
446,Anthony Lyons,sarahpeters@aol.com,2020-01-16 16:24:42
447,Franklin Hansen,kevin93@hotmail.com,2021-03-27 00:43:24
448,Anthony Walker,susan91@zoho.com,2020-12-11 16:03:28
449,Michael Lee,nicholas13@example.com,2021-03-17 16:49:35
450,Stephen Smith,william13@hotmail.com,2022-11-28 21:16:31
451,Marilyn Mcmahon,alexaingram@hotmail.com,2020-10-30 04:46:33
452,Robert Hodges,dickersonchristian@example.com,2024-01-24 18:15:30
453,Aaron Escobar,rpugh@aol.com,2021-05-28 01:47:33
454,Teresa Davenport,dustin80@yahoo.com,2020-11-17 19:06:23
455,Mr. Anthony Durham Jr.,bsmith,2024-02-28 09:42:25
456,Michael Shepherd,terrance21@@outlook.com,2021-03-24 02:22:47
457,Adam Hernandez,lwebb@icloud.com,2020-03-21 09:40:52
458,Elizabeth Montgomery,santoslori@outlook.com,2022-04-17 12:21:57
459,Charles Robinson,daniel96@zoho.com,2020-03-29 16:22:22
460,Alyssa Bowen,nicholstheresa@aol.com,2020-08-24 01:19:36
461,Keith Smith,eolsen@icloud.com,2022-08-01 01:40:41
462,Alyssa Shepard,nicole54@gmail.com,2020-07-13 20:01:33
463,Ethan Bennett,jason97@example.com,2022-11-23 17:06:49
464,Terri George,nataliewilliams,2023-11-18 21:56:31
465,Paula Jordan,brandon12@hotmail.com,2021-08-08 10:49:29
466,Lisa Johnston,evansmaria@zoho.com,2020-07-26 04:55:52
467,Robert Griffin,ibishop,2024-07-21 14:08:42
468,Amy Ali,arroyomichael,2024-03-04 21:52:34
469,Dr. Jordan Gonzalez,jodychavez@outlook.com,2022-03-23 09:28:30
470,Dr. Rebecca Reyes,jessicamay@@aol.com,2023-04-16 19:08:57
471,Debbie Rojas,emiller@zoho.com,2023-10-18 14:21:19
472,Samuel Carter,dylan55@icloud.com,2024-10-06 13:47:10
473,Kristin Chavez,kirkmary@hotmail.com,2024-10-27 00:59:18
474,Marisa Briggs,kurtrodriguez@hotmail.com,2022-08-25 14:29:25
475,Sarah Fernandez,flynnsandra@example.com,2024-01-19 21:43:38
476,Jeff Baker,taylor53@gmail.com,2023-01-11 14:29:26
477,Adam Soto,ugreen@outlook.com,2021-12-11 03:08:41
478,Timothy Hernandez,aliciawilliams@protonmail.com,2021-02-21 09:48:34
479,Latasha Preston,kbanks@yahoo.com,2023-06-20 20:00:19
480,Brenda Doyle,kimberlypaul@protonmail.com,2022-08-31 13:52:15
481,Nicholas Santos,jeremywheeler@protonmail.com,2020-06-16 23:24:51
482,Kaylee Morgan,wgeorge@hotmail.com,2022-04-21 10:36:19
483,Samuel Young,djenkins@yahoo.com,2022-04-16 16:44:16
484,Kevin Allen,joshuagibbs@zoho.com,2023-11-05 21:01:19
485,Gary Dawson,xmonroe@yahoo.com,2022-11-18 02:13:07
486,Jonathon Crawford,erik78@aol.com,2022-06-08 13:00:26
487,Mrs. Christine Wilcox DVM,johnsamanda@gmail.com,2024-11-17 18:52:43
488,Linda Hansen,christopherwilliams@yahoo.com,2023-03-25 03:32:19
489,Michael Duffy,dharris@protonmail.com,2023-12-10 20:07:25
490,Michelle Scott,alexiscook@zoho.com,2021-08-17 20:10:42
491,Emma Johnson,delgadomichael@gmail.com,2024-02-08 16:43:24
492,John Glenn,rodriguezkaitlyn@zoho.com,2023-12-04 13:58:18
493,Brian Anderson,xcruz@@icloud.com,2023-10-09 21:42:15
494,Jared House,hamiltonchristopher@example.com,2020-11-01 15:04:37
495,Phyllis Thompson,marissa53@outlook.com,2020-01-08 13:51:46
496,Paul Perez,daniellescott@hotmail.com,2021-05-07 22:28:12
497,Robert Thornton,perkinsmatthew@icloud.com,2023-08-19 17:48:29
498,Dawn Patrick,ndiaz@yahoo.com,2023-11-14 00:10:17
499,Pam Wagner,andreaortega@example.com,2024-08-19 22:56:39
500,Jessica Scott,miguelcollins@yahoo.com,2024-04-24 22:03:27
501,Stephanie Miller,gregory02@hotmail.com,2021-12-17 22:15:19
502,Mr. Craig Klein,sbrown@zoho.com,2021-10-19 07:17:05
503,Sarah Houston,wwilliams@zoho.com,2021-11-15 00:17:50
504,Aaron Baker,amyharrington@example.com,2024-10-26 11:38:24
505,Tammy Morris,bowersbrian@icloud.com,2021-01-28 18:36:42
506,Edgar Higgins,carrshaun@outlook.com,2020-03-30 02:48:42
507,Denise Morris,mcguireandrea@aol.com,2022-07-25 22:47:04
508,Christopher Smith,jason03@hotmail.com,2023-03-05 14:08:53
509,James Washington,sherrycarpenter@zoho.com,2022-07-06 19:00:31
510,Rebecca Harris,tanderson@outlook.com,2022-03-05 09:35:03
511,Timothy Horne,ulewis@yahoo.com,2021-03-07 19:24:56
512,Rose Macias,alejandrogarcia@hotmail.com,2021-04-22 04:22:06
513,Joseph Mendoza,lgomez@aol.com,2020-10-20 15:24:09
514,Elizabeth Robinson,ilucas@zoho.com,2024-08-28 14:09:46
515,Sherry Hopkins,znicholson@example.com,2020-02-12 19:27:09
516,Kristie Peterson,huynhjames@example.com,2024-08-13 17:59:16
517,Steven Powell,jacquelinerobinson@icloud.com,2023-11-04 07:10:01
518,April Smith,kristen32@icloud.com,2024-08-13 04:18:31
519,Mike Johnson,lyonsnicholas@@aol.com,2023-10-10 02:02:32
520,Teresa King,jgrimes@zoho.com,2020-06-01 14:27:49
521,John Whitehead,jerome85@@example.com,2020-11-26 12:33:58
522,Kelly Thomas,markmiller@protonmail.com,2022-03-30 03:58:40
523,Richard Rivera,jared70@@icloud.com,2021-09-06 06:08:42
524,Christian Warren,susanwilliams@protonmail.com,2022-03-01 21:00:31
525,Daniel Young,phillip19@yahoo.com,2021-08-01 12:55:33
526,Curtis Johnson,orivera@hotmail.com,2021-01-07 16:36:23
527,Lisa Doyle,susan03@zoho.com,2021-05-21 06:15:35
528,John Moore,wesley41@protonmail.com,2022-03-15 21:39:28
529,Joseph Hall,cwagner@outlook.com,2024-01-15 14:19:41
530,Nicole Harper,wyatteric@example.com,2020-03-19 09:39:30
531,Richard Mckee,joseph85@icloud.com,2020-10-19 16:23:11
532,Matthew Sherman,eduardorichardson@outlook.com,2024-03-03 13:14:17
533,Austin Banks,carpenterjoshua@outlook.com,2022-02-12 17:56:19
534,Rachel Henderson,jessica98@icloud.com,2024-02-10 17:56:41
535,Heidi Brown,andersontheresa@hotmail.com,2022-07-18 03:56:52
536,Brian Bryant,kathrynconner@@protonmail.com,2020-10-29 21:20:08
537,Tracy Henry,sanchezalan@outlook.com,2020-06-05 13:29:18
538,Heather Hernandez,amandaerickson@protonmail.com,2024-08-28 20:40:38
539,Cheryl White,mary05@@icloud.com,2020-07-13 03:59:59
540,Jacob Weaver,sheilageorge@@example.com,2024-01-06 19:51:23
541,Kimberly Vang,wsmith,2024-05-10 01:21:16
542,Nicholas Gallagher,jennifer90@@aol.com,2024-09-23 11:19:52
543,Sherri Green,dennis03@yahoo.com,2022-06-08 08:08:53
544,Nathan Smith,jonesjoy@example.com,2024-04-26 13:20:17
545,Jennifer Webb,brandon41,2021-02-12 06:20:44
546,Melissa Schmidt,weekserica@example.com,2023-02-10 13:31:30
547,Mary Knox,rhayes@example.com,2022-09-15 05:11:09
548,Jeffrey Lynn,romansarah@icloud.com,2020-10-16 21:57:27
549,Randall Johnson DVM,mcgeedavid@yahoo.com,2022-12-15 01:55:21
550,Brian Webster,fburns@example.com,2020-06-12 18:08:00
551,Alexander Mitchell,gonzalezvictor@hotmail.com,2024-03-27 01:58:54
552,Mark Hernandez,jasongreen@icloud.com,2020-01-13 19:07:12
553,Kristy Martinez,connorprice@aol.com,2024-10-02 23:14:36
554,Jennifer Aguilar,james98@protonmail.com,2024-08-17 16:31:14
555,Derek Bailey,leedeborah@aol.com,2024-05-13 16:52:05
556,Walter Miles,michelenicholson@protonmail.com,2022-11-13 00:46:56
557,Michelle Anderson,eshea@outlook.com,2024-04-21 01:10:39
558,Duane Daniels,tyoung@icloud.com,2023-04-04 16:57:10
559,Michael Carter,millersara@protonmail.com,2023-11-05 14:39:08
560,Jane Ramos,christopher97@gmail.com,2020-10-09 23:31:44
561,Christy Anthony,charlesrodriguez,2024-02-05 18:11:26
562,Sarah Olson,michael20@example.com,2021-05-12 08:11:54
563,William Riddle,evansstephanie@icloud.com,2022-06-26 22:44:24
564,Jerome Mccarthy,tiffany03@aol.com,2021-09-23 15:28:03
565,Alexandria Zimmerman,christophergarza@zoho.com,2024-05-14 07:53:03
566,Laura Day,teresawilson@@hotmail.com,2021-05-03 09:29:20
567,Amy Poole,beckashley@zoho.com,2024-06-25 12:30:58
568,Michele Spencer,gibsonleonard@outlook.com,2021-11-08 03:29:07
569,Fernando Sparks,rachelbishop@example.com,2022-05-04 21:32:06
570,Maria Sullivan,linda06@protonmail.com,2020-02-19 13:42:27
571,Diane Nguyen,mcfarlandsandra@icloud.com,2024-08-07 02:10:32
572,Maria Hurst,johnsonedwin@aol.com,2022-02-15 20:42:43
573,Michelle Rogers,wheelerwesley@hotmail.com,2021-07-10 14:13:22
574,Danielle Gonzalez,carmencarter@@outlook.com,2022-08-11 10:24:51
575,John Little,meyerskathryn@protonmail.com,2024-12-04 04:10:47
576,Tammy Gonzalez,emerritt@aol.com,2020-12-02 06:18:29
577,Martin Collins,mezajulie@example.com,2022-02-21 12:29:15
578,Amber Monroe,dsmith@outlook.com,2022-01-08 13:40:35
579,Scott Adams,rmarshall@@protonmail.com,2020-07-12 21:36:38
580,Heather Duarte,fordbernard@gmail.com,2024-11-23 08:36:10
581,Joshua Mckenzie,millercourtney@aol.com,2024-04-01 17:40:39
582,Kristina Martin,nelsonrebecca@@zoho.com,2024-04-10 03:39:49
583,Andrea Robles,kenneth27@aol.com,2022-07-03 21:17:57
584,Sara Thompson,tbrewer@zoho.com,2024-09-23 18:25:17
585,Andre Johnson,aperkins@protonmail.com,2020-01-16 13:06:07
586,Brian Perez,donnatyler@yahoo.com,2021-03-21 05:21:34
587,Michael Taylor,shannon55@yahoo.com,2024-10-30 01:43:44
588,Brenda Wang,carrolldavid@yahoo.com,2020-07-10 09:26:11
589,Kelly Fowler,joangraves@hotmail.com,2024-07-12 14:23:18
590,Grant Johnson,ashley54@@gmail.com,2024-10-10 00:05:36
591,Melanie Li,andrewsruth@icloud.com,2020-09-15 23:48:02
592,Jeffrey Mills,estradamadison@hotmail.com,2024-01-24 18:05:09
593,Julie Harris,tvaughan@yahoo.com,2021-03-26 18:10:20
594,Elizabeth Jordan,timothy43@example.com,2022-08-04 15:02:16
595,Michael Patton,robertsonsean@@aol.com,2022-11-08 12:19:05
596,James Moore,jessica25@zoho.com,2022-09-05 23:39:21
597,Paula Jensen,christopherthompson@outlook.com,2021-11-24 03:05:16
598,Keith Mcintyre,nichole83@aol.com,2024-10-13 06:14:30
599,Stephanie Sanford,rachel97@icloud.com,2024-01-16 15:04:37
600,Kevin Frye,jamesmartin@example.com,2021-09-27 01:23:11
601,Drew Baird,nfoster@aol.com,2024-10-30 21:15:16
602,Jacob Sutton,tfitzpatrick@zoho.com,2024-05-02 18:24:56
603,Bernard Moore,wroberts@outlook.com,2024-10-27 16:13:18
604,Todd Dixon,corey29@icloud.com,2024-08-05 15:02:06
605,Dr. Sean Swanson,christopher68@icloud.com,2023-08-27 00:21:28
606,Donna Chang,zpowell@zoho.com,2024-03-04 05:07:28
607,Scott Peck,ifrazier@gmail.com,2021-01-20 05:24:14
608,Darlene Gardner,mcdanieljustin@aol.com,2022-09-20 10:42:54
609,Joseph Roberts,jamie18@hotmail.com,2020-12-27 18:49:11
610,Nicole Gomez,jsingh@@example.com,2023-05-05 21:11:44
611,Kevin Hill,ghuff@@gmail.com,2024-03-25 20:43:56
612,Shari Turner,taylorclayton@hotmail.com,2022-07-14 07:30:48
613,Tracy Buckley,lori93@zoho.com,2020-08-05 22:17:11
614,Susan Zuniga,pvega@@gmail.com,2023-09-16 19:19:16
615,Crystal Black,wflores@icloud.com,2023-03-30 02:26:09
616,Brendan Zimmerman,leah60@hotmail.com,2020-11-18 23:39:15
617,Angela Reynolds,robin52@protonmail.com,2022-08-07 03:12:26
618,Patricia Leach,allison05@protonmail.com,2020-10-02 21:05:11
619,Tony Solis,dwhite@@gmail.com,2020-08-07 18:41:21
620,Bobby Hill,mguerrero@hotmail.com,2024-05-15 12:02:05
621,Jeanette Young,ashleybrooks@hotmail.com,2020-12-03 13:43:35
622,Veronica Figueroa,angela26@outlook.com,2024-04-14 19:38:49
623,John Wood,samantha93@icloud.com,2024-04-02 22:30:37
624,Amy Hood,lancecampbell@protonmail.com,2020-11-17 19:34:20
625,Kathleen Curry,egarrett@outlook.com,2021-01-21 10:56:04
626,Vanessa Miles,joseph10@example.com,2021-09-07 14:21:07
627,Donald Jackson,andrewmcclure@icloud.com,2020-02-05 06:56:31
628,Mrs. Valerie Baker,cparker@icloud.com,2020-08-06 19:53:54
629,Isaiah Spencer,catherineallen@aol.com,2020-07-22 01:22:06
630,Melissa Santiago,dsmith@example.com,2021-04-07 18:57:17
631,Brian Shaffer,icooper@hotmail.com,2021-11-23 02:18:40
632,Jose Lewis,enorman@hotmail.com,2024-02-16 17:42:20
633,John Carroll,gerald94@outlook.com,2021-11-17 18:18:17
634,Whitney Washington MD,lindavaughn@@aol.com,2020-08-19 18:36:36
635,Aaron Mcbride,qlozano@zoho.com,2020-07-07 14:22:03
636,Jason Baker,steven96@aol.com,2024-10-05 01:12:36
637,Laura Rodriguez,mckinneychad@hotmail.com,2023-05-27 19:16:51
638,Bruce Wilson,morriscasey@@example.com,2021-11-29 11:30:45
639,Luis Hill,dharrell@yahoo.com,2020-12-23 16:15:06
640,Robert Sexton,pdonaldson@protonmail.com,2020-08-25 06:34:25
641,Tiffany Rios,edwardlarson@aol.com,2022-08-10 17:48:11
642,Cynthia Harrison,iturner@@gmail.com,2023-07-30 09:29:04
643,Matthew Williams,xlopez@gmail.com,2020-06-27 21:35:44
644,Mr. Christopher Walker PhD,ppaul@aol.com,2021-08-30 11:56:57
645,Sarah Luna,diana23@gmail.com,2023-06-15 17:38:51
646,Ernest Gallegos,vanessalee@@hotmail.com,2024-05-09 09:00:32
647,Jose Rice,wrightchad,2021-08-28 22:44:39
648,Todd Bond,brittney12@hotmail.com,2022-07-24 13:16:14
649,James Jackson,darinhall@yahoo.com,2021-01-04 18:44:29
650,Mike Wright,zachary13@yahoo.com,2024-09-30 15:31:37
651,Dustin Callahan,sean52@yahoo.com,2023-09-30 16:30:18
652,Nicole Garcia,ybrooks@example.com,2021-12-06 17:48:00
653,Victoria Smith,lchapman@protonmail.com,2022-05-22 13:19:48
654,Cynthia Adams,linlaura,2020-10-12 10:39:01
655,Jeremy Dillon,uwalters@yahoo.com,2024-04-23 18:51:23
656,Justin Thompson,johnsonsarah@zoho.com,2024-07-31 15:50:29
657,James Morgan,nreyes@outlook.com,2022-02-14 17:11:55
658,Robert Cabrera,taylorbrian@yahoo.com,2024-05-22 22:01:00
659,Casey Atkins,kaylareed@aol.com,2021-11-17 13:36:29
660,Vanessa Arnold,brownashley@outlook.com,2021-10-01 16:23:27
661,Paul Thompson,david02@yahoo.com,2020-07-30 00:48:15
662,Devin Hernandez,castillogary@@gmail.com,2023-06-04 05:17:16
663,Elizabeth Spencer,dshepard@aol.com,2024-02-08 15:36:51
664,Tiffany Long,qriley@outlook.com,2021-10-27 14:11:45
665,Tamara Eaton,xwalker@hotmail.com,2023-10-27 17:59:37
666,Kristina Diaz,cwilliams@protonmail.com,2021-10-23 14:27:03
667,Kimberly Wilson,ulee,2022-10-21 01:35:25
668,Michael Glover,fisherolivia@example.com,2022-05-22 23:58:41
669,Michael Wade,kevin43@gmail.com,2021-08-18 09:24:11
670,Patricia Gonzalez,joshuabrown@zoho.com,2024-05-30 11:03:35
671,Barbara Webster,matthew52@protonmail.com,2022-02-05 23:24:20
672,Meghan Harris,cantupreston@example.com,2021-08-03 05:28:29
673,Dennis Townsend,kimberly44@@example.com,2023-08-19 23:26:45
674,Beth Harrell,eric73,2021-01-08 23:14:02
675,John Walker,zacharyperez@@zoho.com,2023-09-29 07:39:59
676,Lisa Kerr,bhammond@hotmail.com,2020-11-14 00:15:19
677,Scott Williams,jenniferbates@protonmail.com,2022-09-23 01:12:57
678,Toni Rodriguez MD,cindy40@aol.com,2023-08-25 02:41:16
679,Scott Perez,darrenmcgrath@yahoo.com,2023-09-02 02:48:36
680,Sarah Graham,gregorytate@icloud.com,2021-03-29 10:18:52
681,Julie Moore,lhays@yahoo.com,2023-11-02 18:00:17
682,Denise Bean,marshalldeanna@outlook.com,2024-09-24 03:48:48
683,Sheila Vincent,brownlaura@icloud.com,2020-11-08 19:29:24
684,Adam Morton,luis05@zoho.com,2021-05-27 16:20:33
685,Lisa Merritt,antonio27@gmail.com,2023-03-20 02:15:19
686,Meagan Alvarez DVM,lanewayne@zoho.com,2022-05-02 22:24:42
687,Heather Thomas,nicolewilson@yahoo.com,2024-03-03 08:18:59
688,Richard Patterson,kennethmason@zoho.com,2022-02-11 12:53:09
689,Elizabeth Fletcher,ndawson@@zoho.com,2022-06-29 06:34:50
690,Brian Harris,zhartman@@aol.com,2020-03-12 23:08:33
691,James Huang,april75@aol.com,2022-02-15 16:36:50
692,Nicholas Wilson,smithjacob@@outlook.com,2020-03-20 09:04:01
693,Carol Thompson,timothycook@zoho.com,2020-05-30 04:21:34
694,Joseph Lee,lauren82@outlook.com,2021-04-17 20:45:57
695,Katie Smith,morgancox@zoho.com,2023-03-02 01:13:19
696,Paula Anderson,travisflores@icloud.com,2020-03-22 06:32:48
697,Lance Acosta,douglas83@example.com,2022-01-26 23:05:58
698,Elizabeth Hernandez,psanchez@protonmail.com,2022-09-23 14:51:52
699,Michael Morris,david44@@gmail.com,2023-12-13 20:29:57
700,Virginia Miller,owalsh@icloud.com,2020-08-23 12:38:21
701,Tina Doyle,vwilliams@gmail.com,2021-05-28 10:52:25
702,Caleb Nguyen,jasonwilliams@icloud.com,2022-01-04 06:07:16
703,Lori Moon,espinozastephanie@gmail.com,2024-10-05 11:02:53
704,Anne Martinez,wspence@example.com,2020-10-14 22:15:10
705,Douglas Smith,rmitchell@@aol.com,2021-07-13 23:35:00
706,Nathan Fox,hannahtaylor@yahoo.com,2020-01-17 16:15:40
707,Samuel Rodriguez,osherman@aol.com,2024-11-10 03:00:58
708,Mary Maldonado,tammie41@icloud.com,2023-04-29 16:22:02
709,Jennifer Petersen,michelle25@gmail.com,2020-10-27 04:34:08
710,Shelly Greene,fsolomon@gmail.com,2020-05-13 15:06:04
711,Christopher Sloan,susan84@aol.com,2020-07-05 12:31:23
712,Bryce Mccall,timothytaylor@protonmail.com,2020-06-24 19:07:14
713,Trevor Cannon,mckenziemartinez@hotmail.com,2023-09-21 14:34:41
714,Jason Martin,nfreeman@yahoo.com,2022-05-31 16:37:06
715,Andre Mitchell,garcianicole@@protonmail.com,2020-12-28 00:55:37
716,Jessica Smith,patrickmurphy@hotmail.com,2024-07-11 23:21:26
717,Austin Johns,ddowns@aol.com,2021-03-23 09:32:40
718,Kenneth Brooks,mckenzie31@icloud.com,2024-10-06 06:48:47
719,James Avery,rodriguezcalvin@icloud.com,2022-12-20 05:55:02
720,Billy Stewart,wilsonmeghan@@icloud.com,2023-05-26 10:56:39
721,Eric Woodward,dhudson@zoho.com,2021-07-07 16:53:07
722,Jennifer Blackburn,michael12@icloud.com,2020-04-18 18:54:36
723,Dennis Wilson,howardmoran@hotmail.com,2021-12-09 01:40:57
724,Amanda Mejia,david74@outlook.com,2021-10-04 13:56:13
725,Tammy Brown,williamsamber@icloud.com,2022-11-25 02:36:05
726,Leonard Cruz,april94@icloud.com,2022-10-29 07:21:54
727,Chad Gomez,robert53@@hotmail.com,2023-07-07 00:58:10
728,Kaitlyn Parker,russell46@zoho.com,2020-04-24 00:41:55
729,David Stevens,perezpaul@aol.com,2023-12-26 08:52:25
730,Dr. Janice Smith,vevans@gmail.com,2022-07-05 04:47:55
731,Brianna Sosa,nelsonangela@aol.com,2021-07-16 21:52:47
732,Jonathan Walker,gilldana@@yahoo.com,2023-02-10 04:42:33
733,Susan Young,wbailey@outlook.com,2022-05-09 11:05:50
734,Shelley White,wolfedward@icloud.com,2020-05-26 07:06:00
735,Christopher Williams,amandavasquez@aol.com,2020-10-01 02:18:26
736,Donald Sanchez,hubbarddouglas@zoho.com,2023-07-13 07:53:49
737,Kimberly Dennis,robert51@@gmail.com,2023-08-18 13:27:34
738,Ashley Bridges,billykim@outlook.com,2023-12-21 14:31:51
739,Jordan Reynolds,monicaramos@aol.com,2022-01-09 22:06:36
740,Tammy Gutierrez,hwatson@gmail.com,2024-03-07 19:06:17
741,Alejandra Sweeney,thompsonpatricia@gmail.com,2021-03-31 07:56:12
742,Samuel Smith,angelwashington@hotmail.com,2020-08-22 03:06:07
743,Julie Brewer,allenjoan@aol.com,2022-06-17 15:47:44
744,John Ayala,vhill@icloud.com,2021-11-13 04:43:04
745,Luke Fletcher,camposandrew@protonmail.com,2022-06-05 04:03:37
746,Amy Torres,richardkirby@gmail.com,2022-12-27 21:49:13
747,Kelly Buck,cody42@icloud.com,2021-09-18 21:37:00
748,Denise Hunter,mariabaldwin@protonmail.com,2020-08-05 11:48:01
749,David Moss,ipeterson@yahoo.com,2022-03-05 10:54:19
750,Angela Merritt,bharvey@yahoo.com,2021-08-02 00:47:00
751,Jamie Haney,michaelward@zoho.com,2020-08-20 07:12:39
752,Joshua Smith,logangonzalez@gmail.com,2020-03-04 05:55:49
753,Jason Dickson,jwilliams@outlook.com,2023-04-05 13:49:56
754,Christopher Campbell,carolmorgan@hotmail.com,2022-02-02 23:21:02
755,John Cruz PhD,ricky53@protonmail.com,2021-10-16 07:36:41
756,Thomas Gonzalez,kstein@@hotmail.com,2023-09-17 18:53:08
757,Robert Herrera,heather72@example.com,2021-03-16 18:00:38
758,Nicholas Graham,anthonyoconnor@hotmail.com,2020-11-21 06:43:28
759,Mrs. Miranda Gonzalez,anewton@gmail.com,2020-01-28 08:11:18
760,Terri Jimenez,whitelaura@example.com,2022-06-08 12:57:47
761,Daniel Thompson,christophergrant@hotmail.com,2022-01-13 06:04:20
762,David Blevins,tylersolomon@protonmail.com,2021-03-14 07:52:23
763,Monica Taylor,arobbins@@yahoo.com,2023-03-01 10:57:24
764,Nicole Hodge,collinsconnor@outlook.com,2023-11-03 16:50:02
765,Blake Poole,hudsonpenny@hotmail.com,2020-04-18 20:03:03
766,Donna West,kenneth48@outlook.com,2023-04-07 17:30:21
767,Karen Levine,longamy@@icloud.com,2022-06-15 12:59:54
768,Dennis Miller,veronica15@example.com,2020-12-22 08:45:48
769,Latoya Garza,william81@example.com,2024-02-05 20:55:37
770,Miss Jessica Burke,washingtonkayla@example.com,2020-12-12 07:44:49
771,Curtis Hines,jenniferferguson@hotmail.com,2024-02-20 21:22:17
772,Roy Henson,douglas40@example.com,2021-10-05 15:27:32
773,Danielle Zamora,crosssteven@icloud.com,2022-05-31 17:18:47
774,Brian Gomez,fowlerbrandon@icloud.com,2020-12-09 21:01:16
775,Michael Arias,saramejia@yahoo.com,2020-04-01 16:04:52
776,Joseph Chan,gbaker@yahoo.com,2023-09-21 23:14:07
777,George Black,richardguzman@@aol.com,2021-03-14 13:51:05
778,Rebecca Goodwin,susanspencer@zoho.com,2022-05-12 02:27:32
779,Charles Rose,erichuffman@outlook.com,2023-09-06 17:14:06
780,Stephanie Holland,choisteven@gmail.com,2020-11-01 13:00:02
781,Lauren Williams,torresmark@protonmail.com,2022-08-27 13:21:06
782,Antonio Wright,janicesanchez@hotmail.com,2022-07-11 23:17:30
783,Crystal Martinez,lopezvictoria@icloud.com,2024-09-18 02:22:47
784,Dustin Edwards,petersjose@gmail.com,2020-07-25 23:48:25
785,Mr. John Black,hawkinseric@example.com,2022-05-25 02:21:38
786,Deborah Garcia MD,caseyfry,2023-10-27 11:21:14
787,Anthony Johnson,eddiesmith@protonmail.com,2024-06-16 09:11:14
788,David Taylor,vrasmussen@icloud.com,2021-09-27 05:08:49
789,Brett Reeves,knightbrittany@gmail.com,2020-10-07 06:27:20
790,Kara Sandoval,john27@zoho.com,2021-02-26 01:13:53
791,Mr. Nicholas Sutton,benjaminforbes@hotmail.com,2024-11-11 08:19:38
792,Ryan Harris,kwise@example.com,2024-10-04 12:36:45
793,John Schmidt,wilsonbeth@protonmail.com,2024-02-13 18:18:36
794,Ian Sheppard,pruitterica@icloud.com,2020-02-18 02:40:45
795,George Burke,tammy09@outlook.com,2021-08-12 02:11:23
796,George Crawford,harmonkayla@protonmail.com,2024-07-31 06:09:22
797,Mr. Brian Mendoza,bphillips@zoho.com,2021-05-11 16:24:52
798,Mark Newton,tsanchez@aol.com,2022-07-09 16:27:31
799,Jose Wade,jennynguyen@icloud.com,2021-10-19 06:23:33
800,Karen Thornton,rachelmendoza@@aol.com,2024-05-15 20:39:20
801,Jeffrey Ford,jjenkins@yahoo.com,2020-10-15 20:27:28
802,Richard Obrien,grant67@example.com,2021-07-01 03:29:22
803,Andrew Cummings,christinalong@gmail.com,2021-08-06 12:00:54
804,Elizabeth Wheeler,rogerstevenson@icloud.com,2024-03-19 15:06:27
805,Kendra Hutchinson,tiffany30@gmail.com,2021-12-28 06:17:58
806,Sandra Jones,julie87@gmail.com,2024-06-20 20:59:39
807,Brooke Miles,knightmark@hotmail.com,2021-06-12 07:24:56
808,Bonnie Elliott,cooperdonna@yahoo.com,2021-11-20 18:13:12
809,Shannon Jones,wgarrison@zoho.com,2022-12-12 14:44:58
810,Spencer Hill,tflowers@outlook.com,2024-05-02 10:56:13
811,Brittany Kim,rochatamara@hotmail.com,2021-07-04 02:28:09
812,Kari Sellers,bryanbowman@hotmail.com,2022-04-04 20:30:19
813,Marc Owens,zachary69@yahoo.com,2023-05-16 20:12:50
814,Vincent Alvarez,smithbrett@protonmail.com,2023-12-05 13:33:18
815,Kristi Chung,melinda77@yahoo.com,2024-06-25 13:48:37
816,Eddie Martinez,esparzatracie@outlook.com,2022-10-29 08:39:41
817,Erica Arroyo,joshuasmith@@zoho.com,2022-09-02 21:24:47
818,Cameron Johnson,feliciadillon@hotmail.com,2023-06-11 09:09:09
819,Mr. Douglas Wilkerson,kimallen@outlook.com,2023-05-20 15:45:24
820,Courtney Patterson,christina19@example.com,2020-06-13 07:10:43
821,Brandi Smith,hayleyhunt@yahoo.com,2024-05-07 00:10:46
822,Alexis Cruz,jenniferhenderson@outlook.com,2023-11-06 07:40:20
823,Christopher Nguyen,tlandry@zoho.com,2024-02-21 00:34:52
824,Shawn Arnold,nhaynes@outlook.com,2023-03-28 23:26:46
825,Jesse Thomas,aaron36@zoho.com,2023-01-14 15:53:09
826,Kimberly Boyle,joy52@example.com,2024-06-29 07:30:00
827,Matthew Gilmore,jonesbrandon@gmail.com,2021-12-09 18:54:22
828,Tyler Duke,grossbrittany@icloud.com,2023-09-27 04:20:43
829,Rebecca Watts,davidsmith@protonmail.com,2022-05-14 20:33:49
830,Lisa Garcia,brett61@outlook.com,2024-02-27 17:05:14
831,James Duncan DDS,jessica95@gmail.com,2023-05-13 20:16:26
832,David Wong,kristinquinn@hotmail.com,2020-08-07 10:07:12
833,Margaret Ryan,timothy52@icloud.com,2023-07-10 04:22:15
834,Amanda Morgan PhD,jonesdana@yahoo.com,2022-05-14 17:09:30
835,Alexis Stokes,watkinsrachel@gmail.com,2022-04-09 06:01:58
836,Rebecca Mckinney,monicakennedy@@example.com,2020-09-19 04:49:10
837,Amanda Johnson,kimberly87@aol.com,2023-04-19 09:56:29
838,Olivia Ball,smithdaniel@gmail.com,2024-08-03 21:39:00
839,Anne Perry,nelsonjohnny@outlook.com,2024-02-06 15:52:37
840,Rebecca Obrien,cmiles@aol.com,2021-12-26 06:15:40
841,Stacy Parsons,thomassarah@@outlook.com,2024-04-11 11:02:33
842,Billy Thompson,paulkrause@outlook.com,2020-06-14 18:55:26
843,Sarah Price,fitzgeraldkyle@protonmail.com,2021-05-06 04:44:50
844,Zachary Morris,meghan44@aol.com,2021-07-17 20:31:36
845,Julie Lopez,johnwatson@icloud.com,2020-02-21 01:05:52
846,Kimberly Lloyd,christymorgan@@hotmail.com,2020-07-13 09:06:56
847,Kenneth Barrett,vasquezbeverly@protonmail.com,2024-04-26 09:11:59
848,Nathan Hernandez,daniellecombs@yahoo.com,2021-07-12 14:38:52
849,David Pineda,davisjoshua@hotmail.com,2021-03-19 19:00:25
850,Maria Rodriguez DDS,watsonjennifer@example.com,2021-12-09 04:17:35
851,Robert Lawrence,fwalton@yahoo.com,2024-07-23 08:48:00
852,Ryan Everett,ingramkimberly@zoho.com,2020-02-17 18:52:44
853,Charles Vance,sandra92@outlook.com,2024-07-28 16:35:39
854,Shawn Diaz,qandrade@example.com,2021-09-12 04:46:15
855,David Adams,hawkinsrichard,2022-12-01 11:33:13
856,Wendy Villanueva,nelsonnicholas@outlook.com,2023-04-04 20:46:10
857,Mark Robinson,cooleyrichard@aol.com,2023-11-20 03:14:49
858,Mr. James Ferguson,john84@icloud.com,2024-10-24 03:53:05
859,John Odom,brianphillips@gmail.com,2022-11-12 21:46:23
860,Lisa Martinez,micheleray@gmail.com,2021-10-28 22:01:26
861,Deborah Brown,smithdavid@yahoo.com,2024-09-19 18:39:55
862,Brian Cunningham,gholloway@outlook.com,2022-02-22 23:44:54
863,Linda Gonzales,brooksmary@zoho.com,2022-06-17 14:05:37
864,Kimberly Harris,keith52@outlook.com,2021-01-14 09:42:29
865,Ann Turner,tiffany76@yahoo.com,2022-07-25 11:33:57
866,Maureen Lewis,thomasdavid@hotmail.com,2024-11-10 16:20:21
867,Brian Phillips,fochoa@gmail.com,2023-09-20 18:51:36
868,Mark Robinson,taranorton@yahoo.com,2023-03-03 08:26:26
869,Tammy Brown,lhowell@aol.com,2022-08-22 07:55:50
870,Michael Perez,jeanettecontreras@hotmail.com,2024-11-06 16:57:58
871,Amy Cortez,jthomas@example.com,2023-01-17 18:19:32
872,Brandon Brown,cjuarez@gmail.com,2022-08-05 03:21:01
873,Charles Jones,shelbyking@hotmail.com,2020-03-25 18:30:42
874,Clifford Cuevas,lpetersen@example.com,2024-04-12 18:02:22
875,Joan Harrison,jacquelinehinton@hotmail.com,2020-12-13 18:51:30
876,Nicholas Hall,kimberlywilliamson@yahoo.com,2023-06-28 13:02:53
877,David Clark,rriley@outlook.com,2024-12-08 23:59:58
878,Kevin Juarez,randy47,2023-04-11 09:33:55
879,Kathleen Rivera,bethperkins@example.com,2021-05-25 17:28:04
880,David Jackson,davidhill@example.com,2022-06-23 20:33:56
881,Mr. Michael Scott MD,leslie01@aol.com,2022-03-04 17:21:57
882,Allison Hunter,haleysarah@outlook.com,2020-11-04 05:39:35
883,Kevin Mahoney,bradshawangela@hotmail.com,2024-02-19 09:48:29
884,Michael Ryan,vmaxwell@icloud.com,2021-04-20 10:54:56
885,Anna Franco,richardbuckley@hotmail.com,2022-05-17 09:02:02
886,Katherine Patel,trevor20@protonmail.com,2024-06-13 23:06:18
887,Ashley Schmidt,austin17@@protonmail.com,2023-07-29 19:24:53
888,Carol Brown,jarellano,2022-07-30 19:56:56
889,Jose Peters,john22@gmail.com,2024-07-05 21:00:56
890,Mckenzie Perez,moorebrittany@aol.com,2021-07-28 19:26:21
891,Rebecca Soto,brittney98@icloud.com,2020-06-14 18:00:49
892,Thomas Martinez,williamyoung@example.com,2020-01-31 02:05:40
893,Lisa Hamilton DVM,tonyabrown@@example.com,2020-12-04 15:39:32
894,Amy Clay,vgardner@outlook.com,2023-06-10 09:06:00
895,Patricia Delgado,jessicanavarro@@icloud.com,2024-07-18 08:23:46
896,Robert Briggs,amanda00@yahoo.com,2022-05-02 19:43:04
897,David Schneider,haley66@@example.com,2022-05-04 07:45:36
898,Todd Garcia,john74@protonmail.com,2023-05-29 22:31:30
899,Caroline Davis,caseyheather@@aol.com,2020-11-28 15:00:47
900,Joseph Gonzalez,troy49@gmail.com,2023-10-04 22:35:28
901,Barry Nichols,vjames@example.com,2021-06-23 19:52:10
902,Jennifer Williams,wallaceebony@outlook.com,2021-08-11 22:31:48
903,Megan Hoover,kevin02@yahoo.com,2021-09-26 21:00:22
904,Dana Williams,ldodson@zoho.com,2022-08-23 03:43:44
905,Sara Swanson,thomasshea@gmail.com,2023-06-02 11:41:13
906,Christopher Doyle,jimmyowens@icloud.com,2024-10-10 05:46:32
907,Taylor Whitehead,elizabethlozano@@protonmail.com,2021-04-03 09:08:14
908,Evelyn Smith,jeffery64@hotmail.com,2021-07-04 21:56:30
909,Pamela Marquez PhD,lsims@aol.com,2021-08-10 15:02:42
910,Julie Mathews,hollysmith@zoho.com,2020-08-08 23:44:49
911,David Simon,mariah36@zoho.com,2024-05-08 00:18:07
912,Jose Avery,matthew64@outlook.com,2024-10-30 18:01:35
913,Brittany Shelton,douglas31@icloud.com,2023-02-16 01:47:53
914,Alexandria Tucker,james88@aol.com,2021-08-03 01:35:12
915,Ann Brown,gregoryhall@outlook.com,2022-10-08 02:51:54
916,Jacqueline Johnson,angela83@hotmail.com,2020-08-30 06:18:00
917,Allison Rice,snyderdonna@aol.com,2021-11-16 08:48:29
918,Shannon Thompson,jimmyweaver@@yahoo.com,2023-03-18 05:17:14
919,Courtney Williams,jason78@aol.com,2023-10-18 20:50:53
920,Cynthia Gallagher,hansonshawn@yahoo.com,2021-07-11 17:33:23
921,Calvin Obrien,beckgina@yahoo.com,2021-11-02 12:47:32
922,Adriana Craig,bherring@protonmail.com,2023-12-27 04:02:28
923,Kelly Hester,eguzman@icloud.com,2023-03-12 11:33:51
924,Christopher Torres,ygates@protonmail.com,2024-04-25 03:55:33
925,Carolyn Clark,phunt@aol.com,2021-03-20 00:53:36
926,Jonathan Pope,rodriguezshawn@@gmail.com,2022-12-08 09:08:11
927,Frank Rangel,trujillojean@protonmail.com,2020-08-17 15:36:46
928,Kim Torres,danny92@zoho.com,2022-11-07 16:28:05
929,Shannon Rivera,lhowe@protonmail.com,2022-06-17 04:05:15
930,Ruth Morrow,davidmeyer@@outlook.com,2022-05-05 00:09:17
931,John Patterson,angeladavis@aol.com,2023-11-12 18:53:18
932,Christopher Chan,ppearson@protonmail.com,2022-10-16 11:12:42
933,Sandra Stevens,williamsemma@aol.com,2024-02-27 21:25:50
934,Anthony Drake,crystalbrowning@outlook.com,2020-04-19 22:46:45
935,Nicole Montoya,astewart@example.com,2020-10-19 22:25:44
936,Holly Joseph PhD,ehansen@icloud.com,2020-08-26 11:00:32
937,Bonnie Thompson,schaeferjohn@outlook.com,2021-01-24 08:30:56
938,Benjamin Olson,nmarsh@yahoo.com,2023-04-23 12:13:22
939,Michael Browning,jacqueline72@yahoo.com,2022-03-14 11:04:00
940,Christie White,albertharrison@aol.com,2023-11-06 14:30:03
941,Jeff Jackson,hughesmonica@outlook.com,2024-08-18 09:10:29
942,Emily Smith,reederika@yahoo.com,2023-11-03 03:22:22
943,Angel Swanson,vcochran@example.com,2020-04-23 06:27:21
944,Ryan Smith,alvarezgabriel@gmail.com,2020-08-07 04:56:31
945,Jose Gonzales,glasskristen@outlook.com,2021-08-06 22:52:31
946,Anthony Gardner,greenisaiah,2023-01-04 10:46:37
947,Ashley Owens,jerrycompton@outlook.com,2024-11-29 21:23:13
948,Christina Jones,thomas25@hotmail.com,2023-08-10 14:35:11
949,Rachel Olson,robyn88@protonmail.com,2021-02-23 20:26:56
950,Carolyn Carson,brettmitchell@zoho.com,2022-12-17 14:56:47
951,Sarah Bradford,roberthowell@example.com,2023-11-22 20:17:59
952,Norma Hill,lukeedwards@zoho.com,2022-05-08 16:04:25
953,Brandon Alexander,bradleytrevor@icloud.com,2022-03-02 20:12:52
954,Samuel Taylor,tray@yahoo.com,2020-04-27 23:29:58
955,Matthew Moran,dawn32@aol.com,2024-02-14 21:32:35
956,Cynthia Long,opatel@outlook.com,2023-12-03 06:25:03
957,Antonio Johnson,katiejohnson@yahoo.com,2022-09-01 08:05:53
958,Kellie Estrada,hmoreno@icloud.com,2020-03-13 01:39:21
959,Diane Banks,lopezjoseph@yahoo.com,2024-01-29 10:19:54
960,Joshua Hays,johnathanrodriguez@hotmail.com,2020-10-17 21:19:27
961,James Schultz,jasonbecker@zoho.com,2023-09-04 19:47:39
962,Melissa Singh,courtneywalker@aol.com,2021-08-13 14:04:04
963,Eric Munoz,raymondpena@example.com,2024-12-01 01:34:09
964,Kristen Carpenter,cbaker@yahoo.com,2022-08-19 01:50:54
965,Stacy Jimenez,heatherward@gmail.com,2023-07-04 06:58:39
966,Dr. Jonathan Robbins,jennifer67@gmail.com,2024-01-26 11:27:28
967,Megan Ellis,thomas31@example.com,2021-10-18 06:16:10
968,Steven Lynch,sanchezdanielle@outlook.com,2022-03-12 05:55:22
969,Matthew Davis,cowanjames@outlook.com,2022-07-17 13:47:03
970,Michael Murphy,xcallahan@outlook.com,2022-09-16 02:54:30
971,Heidi Jacobs,keithmichelle@outlook.com,2023-01-17 04:35:24
972,Jennifer Nguyen,andersonandrea@zoho.com,2022-12-07 05:55:39
973,Heidi Powell,colelee@gmail.com,2023-04-18 13:34:55
974,Vicki Mcdonald,matthew35@@icloud.com,2023-03-07 06:45:07
975,Scott Rodriguez,ramirezcourtney@icloud.com,2024-08-08 02:40:05
976,Ms. Nicole Castaneda DDS,ericajones@hotmail.com,2020-04-20 11:33:17
977,Cheryl Kirby,amberhouston@@outlook.com,2021-08-30 00:28:29
978,Jessica Taylor,mullinsshirley@zoho.com,2024-04-05 06:40:20
979,Alexandra Underwood,xthompson@gmail.com,2024-05-22 20:46:52
980,Sarah Cunningham,xshaw@@zoho.com,2021-09-05 13:26:42
981,Pamela Duncan,kathleenleonard@aol.com,2022-10-24 18:25:54
982,Michael Hunter MD,swilson@yahoo.com,2024-11-26 19:58:33
983,Steven Miranda,phillipsamy@yahoo.com,2020-04-04 14:28:38
984,Danielle Thomas,amberobrien@hotmail.com,2020-05-11 21:48:38
985,James Costa,ualexander@aol.com,2024-11-27 14:33:45
986,Rachel Lang,morgan72@hotmail.com,2020-04-30 13:55:37
987,Michael Acosta,morsesuzanne@example.com,2020-12-24 23:00:04
988,Alison Schwartz,riosamy@aol.com,2021-12-18 00:54:47
989,Mark Obrien,sarah66@yahoo.com,2023-02-24 05:43:56
990,Margaret Colon,william90@yahoo.com,2023-12-15 21:25:05
991,Justin Dickerson,heidi00@example.com,2024-02-02 04:26:50
992,Karen Kim,gonzalezalexis@@gmail.com,2021-11-13 09:26:52
993,Justin Rosario,scottedward@gmail.com,2024-10-24 08:20:17
994,Timothy Bradley,hjones@gmail.com,2022-09-13 00:08:40
995,Frank Durham,jeffrey64@zoho.com,2020-08-25 17:12:47
996,Anthony Fitzpatrick,christopher07@zoho.com,2024-05-06 08:08:45
997,Jonathan Maldonado,samuelwebb@hotmail.com,2024-01-15 01:03:41
998,Jared Gilbert,marquezangela@example.com,2023-06-08 13:10:24
999,Brittany Lindsey,lopezbecky@@example.com,2021-01-20 06:58:17
1000,Robert Hill,ashley77@@zoho.com,2022-03-31 00:49:56
1001,Robert Eaton,kendra95@@icloud.com,2022-01-25 14:30:32
1002,Michael Alexander,wwilson@gmail.com,2022-07-24 07:43:03
1003,Patricia Lee,jasonbailey@yahoo.com,2020-09-15 23:08:10
1004,William Green,adamsanna@protonmail.com,2024-01-06 16:45:30
1005,Yvonne Neal,johnlee@example.com,2024-08-29 10:52:04
1006,Traci Rogers,xreed@protonmail.com,2023-06-13 12:06:11
1007,Anthony Wheeler,jessegonzalez@yahoo.com,2022-01-17 14:31:28
1008,Lisa Hoffman,brownmary@hotmail.com,2024-01-02 14:06:31
1009,Dalton Cox,adamskristina@hotmail.com,2022-10-19 08:34:55
1010,Jennifer Smith,taylor80@zoho.com,2024-06-05 18:25:59
1011,Chad Johnson,wrightcharles@hotmail.com,2023-05-02 14:34:43
1012,Mrs. Amber Bradley,kevingardner@@hotmail.com,2020-09-27 22:22:28
1013,Renee Monroe,karen66@hotmail.com,2022-01-23 08:29:00
1014,Sara Anderson,shawjohnny@gmail.com,2022-07-19 00:20:15
1015,Kristen Henson,chavezchristine@outlook.com,2020-11-21 23:29:12
1016,Francisco Mahoney,scott35@hotmail.com,2021-08-07 03:53:21
1017,Christopher Dorsey,matthewmills@hotmail.com,2024-05-23 21:44:17
1018,Stacy Herrera DVM,charlesanderson@yahoo.com,2022-03-04 07:35:53
1019,Steven Torres,qcooley@yahoo.com,2022-06-11 00:31:24
1020,Brittany Mendoza,vlopez@hotmail.com,2020-03-22 03:02:59
1021,Jonathan Daniels,shane83@outlook.com,2021-06-10 22:08:20
1022,Nathan Anderson,mbradley@example.com,2022-11-21 16:42:56
1023,Kristie White,luiscook@gmail.com,2021-06-09 23:51:39
1024,Eddie Mitchell,erin46@zoho.com,2022-03-10 14:18:20
1025,Stacy Olson,amycantu@example.com,2023-08-08 03:03:53
1026,Dana Hernandez,alisonjoseph@zoho.com,2020-04-16 11:19:54
1027,Andrew Duffy,carlos42@aol.com,2020-02-18 04:26:39
1028,Greg Crawford,townsendcory@zoho.com,2023-06-14 04:39:23
1029,Edwin Wilkinson,krivera@icloud.com,2021-01-02 11:00:06
1030,Nicole Garner,moorejohn@aol.com,2023-06-07 02:33:19
1031,Benjamin George,iperez@@icloud.com,2023-06-10 06:08:14
1032,Ian Lara,johnny82@outlook.com,2020-06-12 00:06:04
1033,Pamela Love,lisahenry@protonmail.com,2020-10-25 11:09:29
1034,Michelle Griffin,sheila06@zoho.com,2024-10-29 21:37:13
1035,Shelby Mathews,ukelley@icloud.com,2023-05-12 18:58:28
1036,Megan Henderson,qliu@icloud.com,2020-01-14 14:23:53
1037,John Mason,linda06@@hotmail.com,2024-10-30 22:02:37
1038,William Richardson,briansmith@gmail.com,2020-09-25 16:23:03
1039,Bryan Conrad,bcurtis@hotmail.com,2021-10-30 20:31:00
1040,Bryan Reeves,ipowell@hotmail.com,2022-09-29 15:40:14
1041,Cheyenne Anderson,beckerleah@aol.com,2022-04-05 00:02:26
1042,Robert Nguyen,christina46@@gmail.com,2022-02-13 03:04:31
1043,Lauren Scott,mariagarcia@icloud.com,2024-07-03 06:15:35
1044,Stephanie Solomon,nicholasmoody@@zoho.com,2023-11-21 13:30:23
1045,Bradley Morris,danaramos@gmail.com,2021-06-20 14:10:06
1046,Courtney Byrd,alexandermichelle@gmail.com,2020-09-05 15:09:30
1047,Robert Thomas,jasonmckay@yahoo.com,2023-06-19 02:26:29
1048,Dave Webster,michael84@gmail.com,2023-01-01 02:18:41
1049,Jonathan Foster,sandramiller@@aol.com,2024-07-27 20:23:09
1050,Holly Davis,chelseakelly@outlook.com,2020-06-19 23:52:11
1051,Brian Powell,ashleysmith@example.com,2022-03-21 01:18:14
1052,Anthony Leonard,rmorris@@aol.com,2022-07-24 12:02:56
1053,Dennis Adams,jacobsemily@gmail.com,2024-06-09 15:09:41
1054,David Franklin,chase54@example.com,2022-12-07 05:05:57
1055,Linda Wolfe,keyanthony@zoho.com,2021-06-14 21:17:19
1056,Timothy Welch,samuelrivera@icloud.com,2021-06-12 22:22:44
1057,Jill Lee,qcole@protonmail.com,2020-05-14 21:29:05
1058,Jessica Harrison,richardtorres,2023-05-02 01:40:45
1059,Melissa Meyer,cyoung@example.com,2024-03-30 16:59:45
1060,Scott Lewis,amorgan@aol.com,2020-03-05 05:11:31
1061,Leslie Lamb,walkermarc@hotmail.com,2022-03-12 00:38:19
1062,Thomas Davis,porterjose@@yahoo.com,2024-08-21 22:00:50
1063,Jacob Armstrong,smithrose@gmail.com,2024-03-23 20:55:56
1064,Alison Dudley,potterjason@hotmail.com,2024-10-26 01:00:42
1065,Donald Barnes,carrilloerin@gmail.com,2021-10-26 10:58:26
1066,Tracey Thomas,twhite@@hotmail.com,2023-07-21 04:56:38
1067,Alexis Cabrera,anne32@aol.com,2024-03-02 19:23:56
1068,Sherri Hall,alexcooper@outlook.com,2024-04-12 08:30:56
1069,Natalie Stanley,lawrence44@outlook.com,2021-03-22 07:19:02
1070,Steven Bishop,kenneth00@example.com,2024-06-21 19:11:42
1071,Kimberly Turner,jamesmitchell@gmail.com,2024-11-26 10:50:46
1072,Brittany Brown,zpetty,2021-11-11 02:53:19
1073,Sheryl Shannon,donna55@hotmail.com,2021-04-27 04:50:19
1074,Jerry Morrison,gonzalezbrandy@protonmail.com,2021-04-21 18:29:42
1075,Brittany Baldwin,stevenwhite@example.com,2024-01-20 00:33:11
1076,Dakota Jimenez DDS,shill@zoho.com,2020-01-26 15:03:28
1077,Kayla Horne,janetgoodwin@outlook.com,2021-03-19 22:46:51
1078,Crystal Mora,pearsonjulie@aol.com,2023-10-04 00:10:03
1079,Daniel Payne,michaela38@zoho.com,2021-09-05 18:00:41
1080,Ashlee Owens,quinnjose,2024-03-14 15:16:43
1081,Denise Wallace,jonathan38@example.com,2021-07-07 21:45:18
1082,Sandra Garcia,johnodonnell@example.com,2023-05-23 04:01:22
1083,Jacob Fuller,martinezerica@icloud.com,2020-07-08 13:07:36
1084,John Bailey,wendy06@example.com,2024-02-16 02:32:04
1085,Joel Blanchard,ashleymills@@icloud.com,2020-04-03 04:52:47
1086,Kristina Lane,fmcdonald@@protonmail.com,2022-03-03 10:06:47
1087,Chloe Johnson,robert70@gmail.com,2021-06-23 08:13:28
1088,Connor Thomas,michelle21@protonmail.com,2020-10-22 09:51:04
1089,Debra Krause,krowe@hotmail.com,2022-06-19 12:08:45
1090,Susan Obrien,stephaniewise@aol.com,2020-10-03 10:38:36
1091,Mr. Jason Woodward,salazaranna@@aol.com,2021-05-19 17:28:20
1092,Matthew West,cristian59@example.com,2021-07-28 05:07:59
1093,Dr. Christopher Mcdowell,leslie35@icloud.com,2023-12-21 15:45:12
1094,Michael Perez,sotoralph@protonmail.com,2020-11-10 04:05:44
1095,Mr. Matthew Harris,sullivangary@@outlook.com,2021-07-05 08:45:58
1096,Marcia Ward,sandovalkathy,2022-09-02 03:35:35
1097,Hector Petty,harrisantonio@gmail.com,2021-07-26 01:01:37
1098,Annette Smith,kellertyler@outlook.com,2022-05-29 15:26:45
1099,April Harris,brianmueller@gmail.com,2021-07-24 11:18:23
1100,Patrick Henderson,katherinecross@icloud.com,2024-01-10 21:00:49
1101,Jimmy Fox Jr.,heatherrobinson@protonmail.com,2024-06-06 02:04:59
1102,Christopher Clark,jeffreyrich@@gmail.com,2023-01-27 07:31:44
1103,Donna Floyd,pbyrd@zoho.com,2021-06-05 12:50:39
1104,Ryan Brennan,williamsaaron@yahoo.com,2024-04-03 18:22:29
1105,Benjamin Cantrell,gallaghergregory@@example.com,2023-08-03 13:46:15
1106,Ashley Miller,alvarezbeverly@icloud.com,2020-01-05 18:39:47
1107,Julie Hughes,peter80@zoho.com,2020-07-30 03:31:04
1108,Alexander Miller,taylorrebecca@protonmail.com,2020-03-29 02:51:18
1109,Bryan Lee,davisian@gmail.com,2021-06-07 06:15:03
1110,Bethany Villa,gomezsharon@@zoho.com,2022-11-04 10:02:37
1111,Jennifer Williams,flemingandrew@protonmail.com,2020-03-04 09:56:36
1112,Stephanie Smith,brandon65@zoho.com,2022-07-28 07:52:59
1113,Tina Le,fjordan@outlook.com,2024-08-22 12:58:55
1114,Megan Johnson,wmorrison@yahoo.com,2024-06-09 15:44:36
1115,Melanie Martinez,jacqueline69@example.com,2022-12-18 15:14:56
1116,Joshua Hawkins,aallen@@example.com,2022-08-06 14:02:43
1117,Deborah Rodriguez,johnwilson@gmail.com,2022-09-08 08:55:31
1118,Jodi Hughes,watkinsjason@zoho.com,2024-02-02 23:00:10
1119,Jennifer Chaney,nathan97@outlook.com,2021-07-26 07:06:07
1120,Barbara Peterson,nelsonrebecca@hotmail.com,2024-10-19 04:02:26
1121,Richard Adams,nbridges@outlook.com,2021-11-01 08:09:29
1122,Kyle Hicks,judyschwartz,2020-12-16 06:29:03
1123,Tammy Zamora,snewman@protonmail.com,2024-03-02 08:40:54
1124,Monica Meyers,williamsjohn@gmail.com,2022-07-13 23:50:58
1125,Daniel Parrish,debbie24@zoho.com,2023-08-23 03:08:41
1126,Jonathan Miller,morgansmith@example.com,2023-04-29 11:42:06
1127,Debra Davis,jason28@aol.com,2022-10-16 02:44:01
1128,Bradley Davis,chelseyarmstrong@example.com,2021-02-09 18:22:07
1129,Michael Sherman,jeffrey25@example.com,2021-09-26 21:20:13
1130,Brian Phillips,fpeterson@@gmail.com,2021-12-15 14:58:06
1131,Brady Sweeney,enovak@aol.com,2020-12-18 06:31:49
1132,Sabrina Brown,hryan@zoho.com,2022-03-03 08:34:12
1133,Meagan Richardson,marthasmith@@gmail.com,2020-02-03 20:34:39
1134,Anthony Rasmussen,deborah89@aol.com,2024-08-26 05:23:01
1135,Jennifer Clark,zpacheco@hotmail.com,2024-10-26 21:59:41
1136,Joseph Cline,kathleen10@outlook.com,2022-11-25 20:56:09
1137,Catherine Gutierrez DDS,lblevins@gmail.com,2020-05-28 06:33:55
1138,Ryan Case,john01@outlook.com,2022-11-23 12:39:02
1139,Jonathan Rios,yvillanueva@outlook.com,2022-10-30 07:58:35
1140,Richard Shelton DVM,lopezjustin,2024-01-04 14:04:06
1141,Cynthia Grant,stanleylori@gmail.com,2020-07-09 19:45:48
1142,Tyler Porter,pshelton@yahoo.com,2020-08-24 03:27:11
1143,Allison Jensen,murphyjames@outlook.com,2021-11-03 06:34:47
1144,Heidi Ross,jasonsawyer@yahoo.com,2024-05-09 18:45:36
1145,Dr. Timothy Bowman,mendozashannon@icloud.com,2024-11-19 10:49:52
1146,Anthony Harvey,susanbrown@yahoo.com,2022-09-12 08:19:27
1147,Andrea Keller,davidmelanie@aol.com,2020-08-12 09:16:00
1148,Dustin Yang,edwardwright@gmail.com,2021-07-14 05:49:41
1149,Robert Kennedy,kimdavis@@example.com,2024-11-25 21:41:53
1150,Vanessa Blair,khanscott@hotmail.com,2022-11-15 10:21:04
1151,John Bell,tara07@hotmail.com,2021-12-14 10:07:38
1152,Melissa White,lauren41@example.com,2021-08-29 00:47:17
1153,Mrs. Heather Smith MD,tyler85@outlook.com,2023-02-18 20:49:15
1154,Christopher Massey,sjimenez@aol.com,2020-01-20 00:07:15
1155,Dana Maldonado,mccoyshawn@protonmail.com,2022-04-19 05:18:31
1156,John Waller,foxmolly@yahoo.com,2022-07-24 09:40:08
1157,Brandon Williams,rosszachary@outlook.com,2024-01-24 03:23:10
1158,Julie Cook,dlee,2022-01-17 03:09:47
1159,Timothy Bolton,hartgregory@zoho.com,2023-05-24 23:02:52
1160,Brian Fowler,rebekah09@yahoo.com,2020-11-02 15:57:12
1161,Arthur Parker,ycole@gmail.com,2020-12-02 19:34:20
1162,David Velasquez,hannahpratt@aol.com,2022-01-08 07:07:12
1163,Catherine Edwards,michael19@outlook.com,2022-01-26 20:13:03
1164,Roberto Morales,emcintyre@icloud.com,2020-09-16 02:13:13
1165,Edward Burns,floresdavid@zoho.com,2020-12-25 20:56:53
1166,Donna Adams,whitney46@aol.com,2021-01-27 11:30:26
1167,Thomas Humphrey,helenibarra@protonmail.com,2023-11-10 03:38:15
1168,Connie Cunningham,rebeccabrown@zoho.com,2022-09-05 00:57:24
1169,Laura Taylor,morganschmidt@@gmail.com,2022-08-25 09:37:04
1170,Kim Russell,reginacopeland@aol.com,2020-06-15 12:34:15
1171,Christopher Williams,brooksheather,2023-06-12 23:38:45
1172,Marilyn Graham,sonyalam@icloud.com,2020-04-15 19:41:19
1173,Manuel Martinez,fred92@protonmail.com,2022-08-02 10:32:29
1174,Donald Shelton,donald20@zoho.com,2024-03-12 19:33:49
1175,Alexis Smith,bakerdonald@outlook.com,2023-03-13 09:47:18
1176,Debra Obrien,kimberly23@protonmail.com,2021-03-24 12:30:14
1177,Mark Keith,estephenson@hotmail.com,2021-02-12 19:50:42
1178,Robert Gutierrez,millerjames@gmail.com,2024-03-17 02:41:05
1179,Christy Simon,michael15@hotmail.com,2021-08-16 06:18:27
1180,Mary Reyes,ochambers@hotmail.com,2021-04-12 09:00:36
1181,Veronica Byrd,williamstamara@@zoho.com,2023-08-17 13:51:26
1182,Victoria Garcia,jenniferlewis@protonmail.com,2022-11-20 19:05:55
1183,Barry Evans,hwaters@@outlook.com,2023-06-20 07:45:49
1184,Ronnie Washington,fberger@gmail.com,2021-05-15 21:19:54
1185,Richard Sloan,oshelton@@hotmail.com,2020-10-16 20:06:03
1186,Peter Cunningham,xmorales@gmail.com,2023-08-24 18:48:32
1187,Lisa Shields,david36@protonmail.com,2020-05-14 00:01:41
1188,Casey Campbell,ashley24@yahoo.com,2020-02-05 08:38:28
1189,Derrick Duncan,wmccarthy@yahoo.com,2024-05-05 18:10:49
1190,Breanna Davis,davisderek@outlook.com,2024-07-18 03:40:16
1191,Jacob Gray,kimberly80@@gmail.com,2021-10-28 02:00:50
1192,Abigail Gibson,fvasquez@@gmail.com,2024-07-28 19:57:13
1193,Dr. Jillian Graves,lisalopez@outlook.com,2023-03-04 13:55:39
1194,Dr. David Wells,xshaw@icloud.com,2021-11-11 04:05:41
1195,Mark Munoz,patricia13@hotmail.com,2024-06-23 01:09:00
1196,Lance Young,dawn79@@hotmail.com,2020-08-16 14:08:36
1197,Samantha Hayes,christinamatthews@hotmail.com,2023-08-17 02:16:25
1198,James Padilla,thomasrivera@zoho.com,2023-10-19 00:13:42
1199,Richard Hendricks,willisrichard@icloud.com,2024-05-24 04:47:28
1200,Shelly Singleton,wpierce@icloud.com,2020-11-07 06:30:01
1201,John Mack,gwhite@gmail.com,2021-10-04 14:31:14
1202,Anthony Goodman,nbarton@zoho.com,2022-01-09 15:34:24
1203,Kevin Martinez,mcgeesarah@outlook.com,2023-03-28 18:33:25
1204,Clayton Duran,traceywallace@hotmail.com,2022-06-13 08:30:17
1205,Amber Wilson,dakota62@icloud.com,2023-08-20 02:16:43
1206,Robert Clark,alvaradovalerie@protonmail.com,2020-10-13 06:16:34
1207,Jennifer Morgan,gclark@zoho.com,2024-01-08 19:13:22
1208,Kelly Crosby,matthewwilliams@icloud.com,2022-12-01 09:53:42
1209,Luis Jordan,williamroach@aol.com,2020-07-12 10:48:33
1210,Charles Anderson,jessicajacobs@aol.com,2023-09-08 05:45:45
1211,Kendra Beltran,caitlin23@yahoo.com,2022-11-14 04:12:49
1212,Brenda Acosta,wrobinson@outlook.com,2020-04-08 19:03:59
1213,Rebecca Bowman,justinday@zoho.com,2020-03-14 23:07:22
1214,Laura Miller,yvonnebray@zoho.com,2021-06-22 09:12:57
1215,Ellen Lucas,chelseaware@aol.com,2024-04-28 22:06:57
1216,Kevin Morris,garrisonterri@aol.com,2024-08-15 13:35:27
1217,Janice Williams,willietaylor@@protonmail.com,2024-09-14 16:08:43
1218,Stephanie Sanders MD,martinbright@gmail.com,2023-05-09 02:57:35
1219,Russell Pierce,zswanson@icloud.com,2020-05-17 09:00:23
1220,Michael Fleming,rachelyoung@example.com,2021-12-09 01:05:47
1221,Matthew Woods,nsantos@yahoo.com,2021-02-26 09:34:51
1222,David Stewart,chadbecker@gmail.com,2020-10-24 14:40:54
1223,Nathan Woodward,villarrealsean@@zoho.com,2023-04-26 17:10:16
1224,Rebecca Cooper,crosbyolivia@example.com,2024-09-30 02:39:12
1225,Tiffany Mccann,mikerussell@hotmail.com,2021-02-10 00:57:04
1226,Michael Young,ashley99@zoho.com,2021-10-05 04:53:27
1227,Crystal Haynes,ayaladebra,2020-08-30 19:13:22
1228,Amanda Hurst,james99@hotmail.com,2023-05-18 17:21:10
1229,April Rios,elizabeth82@zoho.com,2022-03-06 15:14:52
1230,Shane Robertson PhD,eric05@zoho.com,2021-08-04 05:43:21
1231,Thomas Murray,deniseneal@@yahoo.com,2021-05-12 23:12:11
1232,Mark Thompson,nbowers@example.com,2023-09-18 07:20:29
1233,Mark Booker,jedwards@zoho.com,2023-06-24 18:19:30
1234,Brady Fletcher,salinasjoseph@zoho.com,2023-05-29 21:47:43
1235,Brian Mills,zwalls@outlook.com,2022-02-07 07:02:34
1236,Justin Jarvis,wclark@example.com,2024-02-10 04:16:52
1237,Adam Roberts,wsims@aol.com,2021-03-04 14:57:03
1238,Kevin Barnes,smoran@gmail.com,2023-03-05 05:30:18
1239,Richard Palmer,gibsonkatherine@outlook.com,2024-03-08 21:49:08
1240,Juan Curry,joseph32@yahoo.com,2020-10-30 14:38:36
1241,Chad Brown,michelle75@icloud.com,2022-02-07 07:43:18
1242,Robyn Jackson,jessica79@example.com,2022-06-16 02:57:31
1243,John Malone,mclaughlinrobert@outlook.com,2022-01-14 11:46:00
1244,Kimberly Huerta,ronaldsnow@protonmail.com,2023-09-11 16:50:00
1245,Carlos Kennedy,kirbymark@outlook.com,2022-10-20 21:11:59
1246,Matthew Chavez,harriserika@@protonmail.com,2021-10-28 23:17:18
1247,Tina Hodge,ythompson@icloud.com,2022-09-04 23:54:30
1248,Jonathan Blevins,ralph00@@hotmail.com,2023-03-15 16:29:49
1249,William Sims,darren97@@gmail.com,2022-02-02 11:40:30
1250,Stephanie Ramirez,frostjustin@protonmail.com,2022-01-23 16:23:54
1251,Jennifer Cook,william03@@zoho.com,2020-08-17 02:12:20
1252,Robert Scott,lisa84@@zoho.com,2021-09-10 19:07:59
1253,Lisa Thompson,daviseddie@hotmail.com,2020-07-01 22:45:45
1254,Sally Howard,lewisrandall@protonmail.com,2024-08-11 06:02:17
1255,Jack Robinson,jason36@outlook.com,2023-02-10 03:59:58
1256,Donna Johnson,elizabeth00@example.com,2023-06-30 22:45:15
1257,Rebecca Mahoney,johncox@aol.com,2023-03-04 09:53:14
1258,Peter Wells,mdonaldson@example.com,2020-01-26 09:18:02
1259,Dillon Norman,brandonmurphy@@protonmail.com,2021-06-08 23:12:48
1260,Heather Butler,jason77@outlook.com,2024-09-11 06:35:58
1261,Jeffrey Maddox,ppowers@aol.com,2021-12-29 13:56:33
1262,Jordan Fowler,grayandrew@zoho.com,2022-12-29 22:27:20
1263,Michael Smith,bryantjill,2022-05-09 03:43:20
1264,Kyle Mcdonald,tammygarcia@aol.com,2021-05-28 06:02:09
1265,Kyle Carr,williamstravis@protonmail.com,2024-07-27 07:02:14
1266,Julie Robertson,qwheeler@hotmail.com,2022-03-17 15:28:22
1267,Deanna Phillips,robinsonanthony@zoho.com,2021-07-03 06:35:45
1268,Kathleen Rodriguez,ashleyyu@example.com,2021-12-25 18:50:37
1269,William Chapman,brianstrickland@gmail.com,2024-04-11 21:56:35
1270,Alvin Ford,ylee@hotmail.com,2024-01-20 21:13:36
1271,Joy Cunningham,austin13@yahoo.com,2023-09-29 01:13:05
1272,Justin Kim,daniel11@hotmail.com,2020-02-14 11:13:26
1273,Miss Christine Sanchez,gsanchez@outlook.com,2023-06-05 08:50:51
1274,Jesus Cohen,jamespotter@yahoo.com,2022-07-01 18:29:36
1275,Colton Adams,glewis@hotmail.com,2022-02-06 18:25:30
1276,Christina Bates,howellsabrina@protonmail.com,2021-02-14 18:31:25
1277,James Lopez,chelsea80@icloud.com,2021-08-25 06:17:11
1278,Jennifer Kim,michaelcox@zoho.com,2022-12-06 10:03:30
1279,Darren Mitchell,maurice07@yahoo.com,2023-06-29 11:48:45
1280,Courtney Jones,jennifer23@@icloud.com,2022-11-05 11:11:10
1281,Donald Friedman,paula77@protonmail.com,2022-04-20 16:55:21
1282,Jesus Mejia,nancymorgan@icloud.com,2020-01-06 12:27:37
1283,Oscar Clark,donnabrooks@zoho.com,2023-03-06 00:08:51
1284,Tammy Moore,courtney17@hotmail.com,2023-05-16 15:08:47
1285,Daniel Miller,yrose,2022-05-21 07:27:37
1286,Kristi Morgan,xnunez@aol.com,2021-08-13 20:55:50
1287,Theresa Owens,johnsonjodi@aol.com,2023-01-28 14:33:57
1288,Mr. Steven Wolf,jennifer62@gmail.com,2023-08-01 23:16:40
1289,Dr. Diane Coleman,cynthiahughes@example.com,2020-01-01 05:21:33
1290,Barbara Jensen,lindapalmer@@zoho.com,2024-02-23 14:58:13
1291,James Holden,umoore@icloud.com,2020-04-11 04:12:10
1292,Dr. James Diaz,megan82@protonmail.com,2021-07-22 17:37:27
1293,Melanie Armstrong,savannahallen@example.com,2024-01-04 02:15:11
1294,Bradley Carter,timothybrewer@hotmail.com,2023-07-17 19:42:48
1295,Brian Williamson,johnthomas@yahoo.com,2020-12-19 21:17:35
1296,Benjamin Lee,ladams,2022-04-19 12:19:29
1297,Julie Snow,astephens@yahoo.com,2024-02-23 15:07:54
1298,Herbert Graham,susancastro,2024-09-04 20:06:52
1299,Andrea Kennedy,nicholsondonna@@gmail.com,2022-12-06 07:20:17
1300,Candice Keller,browndanielle@@example.com,2020-05-04 17:43:29
1301,Christine Bishop,martinwheeler@example.com,2020-09-06 13:44:59
1302,Sarah Smith,christina47@yahoo.com,2020-05-30 13:38:53
1303,David Graham,kyle27@protonmail.com,2020-09-03 20:30:00
1304,James Wilson,yvette61@hotmail.com,2023-06-14 00:43:14
1305,David Campos,pjensen@hotmail.com,2021-04-18 21:34:12
1306,Caitlin Bryan,johnfields@protonmail.com,2024-07-23 07:29:13
1307,Eric Murphy,simpsoncourtney@hotmail.com,2021-01-25 09:02:49
1308,Sheila Jones,troyguzman@zoho.com,2023-03-31 22:37:13
1309,David Pope,xgould@icloud.com,2024-07-12 09:37:41
1310,Aaron Gonzales,steven26@protonmail.com,2024-06-10 03:01:13
1311,Kevin Price,rodgerselizabeth@gmail.com,2024-07-25 15:50:17
1312,Ryan Lowe DDS,jamesfletcher@aol.com,2023-01-04 20:29:31
1313,David Berry,kimberly73@protonmail.com,2023-04-11 07:00:14
1314,Janice Torres,boyeramy@yahoo.com,2023-08-17 01:46:05
1315,Casey Reynolds,tranjack@yahoo.com,2021-04-25 20:57:05
1316,Kimberly Pearson,calvin15,2024-06-09 00:50:49
1317,Hannah Tucker,anna61@aol.com,2024-03-29 15:36:24
1318,William Hall,cheryl29@icloud.com,2021-02-28 10:54:44
1319,Stephanie Schwartz,mitchellheather@icloud.com,2020-09-04 05:46:18
1320,Tammy Holland,loganhenry@example.com,2024-01-06 17:32:31
1321,Calvin Wood,vdixon@yahoo.com,2022-03-08 17:35:04
1322,Billy Mack,mario59@example.com,2020-09-23 05:26:24
1323,Garrett Smith,scottjohnston@icloud.com,2024-05-15 06:15:44
1324,Christopher Lawrence,meganroberts@protonmail.com,2022-06-13 03:31:07
1325,Paul Quinn,bradyrobert@zoho.com,2021-10-01 18:21:33
1326,Laura Garcia,michael81@@icloud.com,2024-02-04 02:42:20
1327,Jimmy Roberson,bwilliams@icloud.com,2020-09-05 21:32:53
1328,Tamara Rice,michael22@gmail.com,2023-06-20 07:32:24
1329,Timothy Brown DDS,yflores@example.com,2021-12-26 04:05:11
1330,Jose Reed,smithmarc@hotmail.com,2020-02-05 21:01:17
1331,Madison Garcia,georgecrystal,2022-02-19 23:17:46
1332,Lindsey Chavez,flowersapril@icloud.com,2023-12-11 16:31:36
1333,Matthew Williams,williamsbrittney@icloud.com,2021-09-22 16:06:39
1334,Mr. Terry Nguyen MD,shaneday@gmail.com,2021-05-08 17:36:02
1335,Brianna Chen,gutierrezshirley@gmail.com,2022-08-11 03:19:20
1336,Cassidy Medina,emmawise@hotmail.com,2022-09-20 09:02:23
1337,Mr. James Wolfe,nwillis@icloud.com,2022-03-30 14:44:00
1338,Jessica Scott,kevintaylor@yahoo.com,2023-04-07 23:46:14
1339,Keith Anderson,elizabethjackson@yahoo.com,2024-04-23 04:02:13
1340,Tina Gibbs,goodmankevin,2024-08-25 22:20:10
1341,Sarah Kennedy,kentrobert@hotmail.com,2022-10-29 23:32:39
1342,Anna Franco,parrishtaylor@gmail.com,2024-08-04 22:43:21
1343,Mark Velez,brittany18@zoho.com,2024-04-01 14:46:32
1344,Melissa Pierce,mooredavid@outlook.com,2020-02-02 16:07:29
1345,Kim Francis,john23@example.com,2024-08-13 17:49:23
1346,Desiree Bell,fowleralexis@zoho.com,2020-02-24 08:40:51
1347,Rose Lawrence,colemangeoffrey@zoho.com,2021-01-13 06:41:18
1348,Leah Hardin,qwolf@@icloud.com,2024-04-20 15:02:17
1349,Lauren Hernandez,lisagraham,2024-07-22 15:19:30
1350,Tammy Faulkner,jameshopkins@zoho.com,2022-01-11 12:51:55
1351,Taylor Brewer,gonzalezkenneth@outlook.com,2021-07-31 08:57:03
1352,Curtis Abbott,fostertanner@hotmail.com,2023-10-08 03:28:41
1353,Mark Farmer,erinharrison@yahoo.com,2021-03-25 08:13:02
1354,Melissa Romero,tatemelissa@gmail.com,2023-05-25 01:56:24
1355,Jessica Huber,qprice@icloud.com,2020-09-03 03:21:12
1356,Richard Smith,jamescarrie@icloud.com,2024-03-13 13:00:18
1357,Levi Erickson,deanna11@@yahoo.com,2022-05-24 14:43:48
1358,Beth Reyes,jessicarichardson@@aol.com,2020-01-15 06:05:58
1359,Christian Lee,tylerallen@zoho.com,2024-02-01 04:24:16
1360,Roy Bishop,andrew20@hotmail.com,2022-12-16 05:31:34
1361,Stephen Hall,charles04@hotmail.com,2021-04-14 08:28:19
1362,Thomas Moody,nicolejones@example.com,2024-11-13 20:26:50
1363,James Harris,davidmorgan@yahoo.com,2022-10-21 01:37:04
1364,Johnny Gibson,mccormickkimberly@aol.com,2024-01-09 02:36:32
1365,Ellen Jackson,thompsonmark@aol.com,2021-12-05 11:44:57
1366,Jason Andrade,kimberly08@icloud.com,2022-01-15 19:41:36
1367,Jose Roach,wbrown@icloud.com,2020-08-31 19:45:00
1368,David Carter,daniel54@protonmail.com,2024-11-14 02:17:34
1369,Cindy Mooney,gmoore@zoho.com,2022-09-14 15:50:41
1370,Phillip Day,lunaholly@yahoo.com,2020-06-18 12:45:04
1371,Belinda Bennett,jessicagray@@yahoo.com,2024-04-18 06:10:38
1372,Benjamin Hays,bestdenise@hotmail.com,2020-09-02 09:39:02
1373,Susan Sanchez,aanderson@gmail.com,2021-02-28 09:35:58
1374,David Phillips,sdalton@aol.com,2021-04-13 22:57:21
1375,Monica Carter MD,brad50@icloud.com,2020-04-06 19:44:43
1376,Jeffrey Thompson,makayla90@@yahoo.com,2020-02-25 21:19:08
1377,Daniel Hawkins,upeters@gmail.com,2023-10-23 00:16:30
1378,Benjamin Perez,melanie63@hotmail.com,2020-03-17 19:48:50
1379,Teresa Smith,treid@aol.com,2020-05-09 09:29:14
1380,Peggy Atkins,mortonjessica@yahoo.com,2022-06-02 05:52:47
1381,Lori Henson,stewartsusan@@aol.com,2021-02-02 10:58:07
1382,Anthony Gutierrez,calhounmarcus@hotmail.com,2023-09-13 17:03:58
1383,Ethan Daniels,david00@example.com,2023-09-01 05:24:13
1384,Amanda Vincent,ymeyer@yahoo.com,2021-08-07 13:02:22
1385,Amy Bradford,marisasolis@gmail.com,2023-05-11 11:09:51
1386,Melissa Bender,rosecynthia@zoho.com,2020-06-10 12:13:58
1387,Sarah Colon,wconley@aol.com,2022-03-31 05:34:00
1388,Thomas Marsh,martinlauren@zoho.com,2020-01-06 16:34:23
1389,Kenneth Davis,chelseyfreeman@gmail.com,2023-08-30 10:18:02
1390,Matthew Hernandez,michael42@zoho.com,2021-07-21 11:20:56
1391,Ronald Bender,adam31@gmail.com,2023-09-10 12:50:10
1392,Jamie Hancock,kimberly08@yahoo.com,2020-07-25 04:18:49
1393,Savannah Hampton,bruce72@hotmail.com,2024-05-15 16:59:03
1394,Walter Davis,xavierkramer@@hotmail.com,2022-06-21 22:21:52
1395,Charles Graham,aherrera@hotmail.com,2024-05-30 23:56:11
1396,Paula Hale,charles84@aol.com,2023-11-09 14:21:55
1397,Kaylee Davis,megan20@zoho.com,2021-09-07 03:01:46
1398,John Morales,mdavis@aol.com,2021-08-27 13:49:50
1399,Phillip Lara,morrisondavid@protonmail.com,2020-06-11 21:26:06
1400,Hannah Pena,jordancrystal@aol.com,2022-07-08 12:07:58
1401,Jason Jones,aprice@yahoo.com,2022-09-05 21:37:16
1402,Caroline Freeman,dawn63@zoho.com,2020-02-14 15:23:20
1403,David Curry,jillgarcia@protonmail.com,2022-04-20 20:24:32
1404,Kathy Hart,donna88@yahoo.com,2022-08-13 02:20:25
1405,Lance Ortega,rharper@gmail.com,2022-12-09 01:49:25
1406,Heather Esparza,sparksmeredith@yahoo.com,2021-11-24 16:20:27
1407,Jill Brown,knappglenn@gmail.com,2024-03-06 21:56:23
1408,Brandi White,morsekatie@icloud.com,2021-05-21 17:10:05
1409,Samantha Nichols,kevindelgado@example.com,2022-10-08 10:22:47
1410,Dr. Terri Thompson MD,tedwards@zoho.com,2022-03-15 13:35:49
1411,Melissa Williams,stevenparker@protonmail.com,2023-08-21 11:31:57
1412,Tina Gomez,hellis@hotmail.com,2024-11-02 18:39:20
1413,Joann Garcia,pwhite,2023-12-26 12:49:25
1414,Michelle Moore,skeller@protonmail.com,2024-01-17 02:42:02
1415,Nicholas Atkins,gsmith@hotmail.com,2021-03-22 12:37:09
1416,Melissa Johnson,stewartwilliam@aol.com,2024-05-05 19:43:43
1417,Brian Brown,taylorlauren@protonmail.com,2023-08-09 18:37:52
1418,Kevin Conrad,jennifergonzalez@protonmail.com,2020-10-12 08:22:03
1419,Craig Williams,ipayne@protonmail.com,2022-06-25 19:50:58
1420,Diane Cantrell,theresasimpson@example.com,2023-07-31 05:58:05
1421,Katie Villegas,heatherjones@aol.com,2023-09-25 11:42:13
1422,James Ross,david89@aol.com,2021-05-11 20:15:08
1423,Katrina Fischer,johnadams@zoho.com,2020-06-11 15:08:54
1424,Jessica Sanders,jessicastafford@gmail.com,2022-06-14 14:35:12
1425,Wendy Maddox,jonathanknight@@example.com,2023-03-10 01:07:46
1426,Gregory Greer,matthewlogan@icloud.com,2022-12-26 13:56:39
1427,Heather Howell,ohouston@zoho.com,2022-09-14 23:47:04
1428,Misty Norman,william88@outlook.com,2024-11-22 06:23:52
1429,Peter Smith,brian15@outlook.com,2022-11-17 22:19:11
1430,Stephanie Lee,rrussell@aol.com,2024-06-12 05:05:57
1431,Dawn Nicholson,laurastrong@example.com,2022-01-16 01:57:31
1432,Wyatt Rubio,ericawilcox@aol.com,2022-05-23 02:16:33
1433,Tina Barnes,sarahholmes@gmail.com,2022-08-29 11:07:54
1434,Joseph Zuniga Jr.,kramerbrandi,2020-08-10 11:33:10
1435,John Bennett,anthony06@icloud.com,2021-01-10 02:40:24
1436,Sierra Carter,amandanewton@protonmail.com,2021-06-23 08:43:36
1437,Peter Graham,pvincent@@icloud.com,2023-08-20 20:22:11
1438,David King,jthomas@outlook.com,2024-02-13 18:31:21
1439,Michele Ortiz,victoriahernandez@gmail.com,2022-05-06 13:12:58
1440,Todd Wise,tiffanygraves@@yahoo.com,2021-01-20 14:23:45
1441,Joshua Jones,justin18@outlook.com,2024-08-12 11:34:23
1442,Kendra Garcia,david47@zoho.com,2022-06-12 04:12:29
1443,Nicholas Jones,mark01@example.com,2024-03-16 09:22:24
1444,Shannon Martin,snyderbrandi@protonmail.com,2023-06-02 00:12:06
1445,Justin Trevino,moniquegarza@icloud.com,2020-09-05 09:10:45
1446,Marcus Holt,stoutpaula@@zoho.com,2023-11-26 04:16:30
1447,Jennifer Thompson,martin15@example.com,2022-04-21 22:09:55
1448,Mr. William Baker,tmiller@yahoo.com,2021-10-01 08:56:17
1449,Joseph Melendez,foleytodd@gmail.com,2023-11-08 21:24:43
1450,Bryan Jones,jeffrey77@aol.com,2023-09-28 12:07:58
1451,Melissa Johnson,brian15@icloud.com,2024-12-08 15:16:56
1452,Sheila Carter,caseyheather@example.com,2021-03-29 10:17:07
1453,Krystal Hebert,kimberlyaguilar@protonmail.com,2021-08-20 18:12:52
1454,Joshua Bowen,zjohnson@yahoo.com,2020-09-23 22:44:13
1455,Alexander Williamson,hbrennan@protonmail.com,2023-12-12 15:47:07
1456,Philip Larson,gbrady@gmail.com,2021-12-14 21:25:07
1457,Sandra Rogers,jody17@example.com,2022-11-05 17:17:30
1458,Connie Delgado,garciarobin@zoho.com,2023-02-13 03:09:06
1459,Louis Davila,herrerasteven@hotmail.com,2024-11-01 10:38:47
1460,Rebecca Mckenzie,qconrad@gmail.com,2021-12-11 05:34:57
1461,Kimberly Bishop,matthew76@icloud.com,2021-04-08 11:02:40
1462,Eric Cervantes,tomwells@hotmail.com,2023-12-03 02:24:44
1463,Cynthia Knapp,mirandaray@aol.com,2022-07-20 00:45:30
1464,Anthony Rubio,anthonyjones@hotmail.com,2023-03-12 08:20:36
1465,Ricky Walton,jessica96@outlook.com,2020-11-19 16:15:17
1466,Kellie Ross,hdawson@hotmail.com,2021-12-27 06:33:49
1467,Logan Smith,nicholas30@icloud.com,2021-10-18 20:24:46
1468,Margaret Henderson,nriggs@zoho.com,2023-10-08 15:14:54
1469,Angelica Burgess,jasonshea@hotmail.com,2021-12-19 05:52:16
1470,Anita Smith,nrose@protonmail.com,2024-01-20 12:34:00
1471,Timothy Maxwell,nmarshall@yahoo.com,2020-12-25 20:24:33
1472,Kelli Adkins,bryantjessica@protonmail.com,2021-06-01 22:08:54
1473,Jonathan Young,brendan80@icloud.com,2020-02-29 20:40:44
1474,Jack Holt,carloskey@hotmail.com,2024-06-16 06:21:44
1475,Patricia Santos,ebarnes@@aol.com,2022-03-20 02:24:18
1476,Joel Bowman,gdickerson@example.com,2024-09-16 07:05:11
1477,Kyle Reynolds,fischerjames@hotmail.com,2024-03-01 18:24:56
1478,David Green,sarah09@aol.com,2023-05-29 11:46:16
1479,Tracey Lozano,brendanjohnson@icloud.com,2023-07-18 15:50:16
1480,Gabriela Garcia,christopher29@@hotmail.com,2022-05-17 19:56:09
1481,Ashley Scott,karen38@@icloud.com,2023-06-15 01:10:53
1482,Richard Savage,vmartin@hotmail.com,2022-08-31 05:11:42
1483,Joshua Hampton,michaelkoch@protonmail.com,2021-02-07 16:09:52
1484,Mrs. Amy Adams,kellydavis@example.com,2024-05-21 01:48:52
1485,Mrs. Angela Cooper,james02@aol.com,2021-02-02 06:14:54
1486,Mary Cameron,christopherjordan@example.com,2023-03-07 02:10:54
1487,Amber Solomon,lwilson@outlook.com,2024-06-02 11:47:15
1488,Angela Robertson,bwade@gmail.com,2021-02-05 05:18:20
1489,Luis Baldwin,danieldaniel,2022-07-06 07:33:00
1490,Lisa Camacho MD,rachel92,2021-05-08 15:18:40
1491,Ms. Amber Riggs,hhartman@aol.com,2020-11-16 06:51:52
1492,Anna Webb,michaelpace@example.com,2020-09-14 23:25:14
1493,Carol Buckley,patricia40@gmail.com,2023-12-14 13:02:21
1494,Rebecca Houston,yangryan,2024-02-21 06:27:49
1495,Roy Cruz,alexander09@gmail.com,2021-02-12 20:57:13
1496,Tyler Chavez,robert93@hotmail.com,2022-08-25 18:10:53
1497,Christopher Washington,cestes,2023-05-12 07:10:45
1498,Cassie Brooks,barbara84@aol.com,2023-02-11 08:25:24
1499,Kevin Reynolds,jasonmckee,2021-03-11 00:58:50
1500,Mike Howard,gonzalesapril@zoho.com,2024-07-29 20:50:10
